1746037070.274702
1746037070.2833986
1746037070.2871878
1746037174.0523407
1746037174.0573108
1746037174.060281
1746037219.0782845
1746037219.0836117
1746037219.08661
1746037300.4653409
1746037300.4706588
1746037300.474278
1746037348.7422779
1746037348.7472134
1746037348.7512376
1746037383.088444
1746037383.0924003
1746037409.6105478
1746037409.615626
1746037409.6199918
1746037469.5814056
1746037469.5857475
1746037469.58982
1746037516.8035862
1746037516.8085833
1746037516.8121698
1746037570.3816223
1746037570.3866882
1746037570.3901796
1746037656.9327762
1746037656.9382117
1746037656.9424527
1746038131.4077108
1746038131.4138591
1746038131.4169042
1746038135.9846368
1746038135.9901369
1746038135.9921565
1746038136.0049005
1746038136.0070314
1746038136.0109813
1746038136.0146904
1746038136.0186455
1746038136.0236351
1746038136.0257118
1746038136.02975
1746038136.0347033
1746038136.0367937
1746038136.0418553
1746038136.0448365
1746038136.0479047
1746038136.0508633
1746038136.056121
1746038136.059086
1746038136.0620527
1746038136.0645537
1746038136.0694702
1746038136.0725179
1746038136.0755172
1746038136.0794678
1746038136.082477
1746038136.0855582
1746038136.0885413
1746038136.0924926
1746038136.095491
1746038136.0994365
1746038136.101406
1746038136.1069565
1746038136.1089325
1746038136.1135302
1746038136.1166966
1746038136.1208897
1746038136.122861
1746038136.125937
1746038136.1279087
1746038136.1320317
1746038136.136561
1746038136.1395237
1746038136.144627
1746038136.1495507
1746038136.1519186
1746038136.1559923
1746038136.1599007
1746038136.1638348
1746038136.1658027
1746038136.1701624
1746038136.1722963
1746038136.1759377
1746038136.178916
1746038136.1834972
1746038136.1874864
1746038136.1913948
1746038136.2017097
1746038136.2079227
1746038136.209906
1746038136.211891
1746038136.2148774
1746038136.2188718
1746038136.2222023
1746038136.2276533
1746038136.229016
1746038136.232095
1746038136.2336
1746038136.2367623
1746038136.2428522
1746038136.2448497
1746038136.2483077
1746038136.2483077
1746038136.2517593
1746038136.253827
1746038136.2571578
1746038136.261601
1746038136.263598
1746038136.266589
1746038136.2685812
1746038136.2705479
1746038136.2727056
1746038136.276718
1746038136.2796636
1746038136.281957
1746038136.2834606
1746038136.2854834
1746038136.2866082
1746038136.2887151
1746038136.2947714
1746038136.297909
1746038136.3001685
1746038136.3016024
1746038136.361454
1746038136.3666253
1746038136.3690844
1746038136.3720372
1746038136.37456
1746038136.3774912
1746038136.3813994
1746038136.383879
1746038136.3873963
1746038136.3883917
1746038136.3905559
1746038136.3915431
1746038136.394521
1746038136.3996437
1746038136.401772
1746038136.4034812
1746038136.404806
1746038136.4077547
1746038136.4107773
1746038136.4157267
1746038136.417717
1746038136.4206872
1746038136.4216778
1746038136.4246593
1746038136.4256914
1746038136.4291117
1746038136.433583
1746038136.4365542
1746038136.4386828
1746038136.4396677
1746038136.4416356
1746038136.4426198
1746038136.4456077
1746038136.447608
1746038136.4507942
1746038136.4557762
1746038136.459787
1746038136.4617565
1746038136.466711
1746038136.4700568
1746038136.4720798
1746038136.4765496
1746038136.4805257
1746038136.4846349
1746038136.4868817
1746038136.4928148
1746038136.4958072
1746038136.5007415
1746038136.5038073
1746038136.5089033
1746038136.5118854
1746038136.515541
1746038136.5195937
1746038136.5249488
1746038136.5279205
1746038136.5318422
1746038136.5338233
1746038136.5378115
1746038136.539827
1746038136.545812
1746038136.5487826
1746038136.5520577
1746038136.5545776
1746038136.5578318
1746038136.5598216
1746038136.5638547
1746038136.5670888
1746038136.5720892
1746038136.5755804
1746038136.578742
1746038136.580726
1746038136.58371
1746038136.5857122
1746038136.58973
1746038136.5927627
1746038136.598759
1746038136.602731
1746038136.6067104
1746038136.6086838
1746038136.610657
1746038136.6126313
1746038136.6176074
1746038136.6195803
1746038136.6226313
1746038136.6278756
1746038136.6308308
1746038136.6346219
1746038136.635614
1746038136.6389108
1746038136.6419237
1746038136.6444323
1746038136.6496315
1746038136.653586
1746038136.6565533
1746038136.65781
1746038136.660761
1746038136.6637397
1746038136.6668084
1746038136.6691372
1746038136.6723242
1746038136.675804
1746038136.6799517
1746038136.6844206
1746038136.687931
1746038136.6899173
1746038136.6938758
1746038136.6958675
1746038136.69984
1746038136.7018206
1746038136.7048576
1746038136.7097926
1746038136.7137647
1746038136.7167711
1746038136.7187536
1746038136.7236767
1746038136.7257977
1746038136.7294261
1746038136.7314067
1746038136.7378776
1746038136.7411664
1746038136.7479181
1746038136.7535787
1746038136.7567284
1746038136.7590938
1746038136.7620249
1746038136.7635286
1746038136.768811
1746038136.7712245
1746038136.7758336
1746038136.7778182
1746038136.7827628
1746038136.7859812
1746038136.791383
1746038136.794873
1746038136.7981806
1746038136.8004863
1746038136.8034542
1746038136.8054268
1746038136.8104045
1746038136.812366
1746038136.8158362
1746038136.818274
1746038136.8223593
1746038136.8258932
1746038136.8308372
1746038136.8338182
1746038136.836787
1746038136.8387885
1746038136.8419476
1746038136.8434532
1746038136.8464692
1746038136.851465
1746038136.8544965
1746038136.8574603
1746038136.8594394
1746038136.8623972
1746038136.8643978
1746038136.8674257
1746038136.8694098
1746038136.874364
1746038136.876336
1746038136.8802934
1746038136.8837883
1746038136.8888295
1746038136.8918028
1746038136.8957632
1746038136.8969507
1746038136.9003909
1746038136.9027426
1746038136.9868453
1746038136.9888246
1746038136.99278
1746038136.9958117
1746038136.999812
1746038137.0008042
1746038137.004438
1746038137.0073953
1746038137.012331
1746038137.014824
1746038137.0190694
1746038137.0210364
1746038137.0235233
1746038137.0256538
1746038137.0286229
1746038137.0305974
1746038137.035506
1746038137.0384626
1746038137.0418181
1746038137.0438225
1746038137.0477746
1746038137.0501685
1746038137.0524049
1746038137.0554068
1746038137.0593572
1746038137.0626976
1746038137.0661318
1746038137.0681007
1746038137.070247
1746038137.075707
1746038137.0787816
1746038137.0837371
1746038137.0857317
1746038137.0886905
1746038137.0906665
1746038137.0947
1746038137.0966806
1746038137.1016114
1746038137.103602
1746038137.1065714
1746038137.1115267
1746038137.1145113
1746038137.118569
1746038137.1205542
1746038137.1225185
1746038137.1255188
1746038137.1286175
1746038137.1306646
1746038137.1347728
1746038137.137809
1746038137.140768
1746038137.1454005
1746038137.1496902
1746038137.1520631
1746038137.1535668
1746038137.1565568
1746038137.158924
1746038137.1618829
1746038137.1648555
1746038137.1688154
1746038137.1717775
1746038137.1757731
1746038137.179783
1746038137.1837463
1746038137.1877294
1746038137.1896973
1746038137.1926591
1746038137.1946585
1746038137.1986217
1746038137.2005882
1746038137.20565
1746038137.2076998
1746038137.2116504
1746038137.213831
1746038137.2158105
1746038137.2207608
1746038137.2237394
1746038137.2277179
1746038137.2287152
1746038137.2316725
1746038137.233665
1746038137.2388163
1746038137.2407887
1746038137.2447708
1746038137.247731
1746038137.2517202
1746038137.2537074
1746038137.2586944
1746038137.2606773
1746038137.2636492
1746038137.2685585
1746038137.2728293
1746038137.2767773
1746038137.2787316
1746038137.2808924
1746038137.2835205
1746038137.287028
1746038137.2891304
1746038137.2934241
1746038137.2953897
1746038137.3003583
1746038137.3023145
1746038137.3078327
1746038137.309807
1746038137.311796
1746038137.3147857
1746038137.3197951
1746038137.3227909
1746038137.326021
1746038137.3280349
1746038137.3313005
1746038137.3348079
1746038137.3387175
1746038137.3406718
1746038137.3449948
1746038137.3481438
1746038137.3520973
1746038137.3545997
1746038137.359617
1746038137.3615892
1746038137.3635914
1746038137.3669238
1746038137.3699195
1746038137.372289
1746038137.3749428
1746038137.3809366
1746038137.3844926
1746038137.3879893
1746038137.390358
1746038137.3933642
1746038137.3954153
1746038137.3993633
1746038137.4014761
1746038137.4054594
1746038137.4074292
1746038137.4123871
1746038137.4153728
1746038137.4183278
1746038137.4212883
1746038137.424331
1746038137.4280598
1746038137.430035
1746038137.4325325
1746038137.4364874
1746038137.4386356
1746038137.4435823
1746038137.4465678
1746038137.450917
1746038137.4534564
1746038137.458614
1746038137.4605896
1746038137.463574
1746038137.4656408
1746038137.46968
1746038137.471655
1746038137.4756732
1746038137.478642
1746038137.482592
1746038137.4845912
1746038137.488087
1746038137.4910474
1746038137.4945385
1746038137.4967978
1746038137.499775
1746038137.5047686
1746038137.509202
1746038137.5135322
1746038137.5186694
1746038137.5235507
1746038137.5268264
1746038137.5321302
1746038137.535657
1746038137.5389051
1746038137.5409222
1746038137.5434072
1746038137.5455694
1746038137.5495598
1746038137.5526028
1746038137.55679
1746038137.5591834
1746038137.56367
1746038137.5666463
1746038137.5715816
1746038137.5745683
1746038137.6743343
1746038137.678533
1746038137.6827312
1746038137.6847272
1746038137.6872253
1746038137.6893058
1746038137.6937401
1746038137.6957333
1746038137.7008355
1746038137.70332
1746038137.7078094
1746038137.7098355
1746038137.7137752
1746038137.7157514
1746038137.7181447
1746038137.7214432
1746038137.7244258
1746038137.7267036
1746038137.730688
1746038137.7349963
1746038137.7380013
1746038137.741984
1746038137.7454672
1746038137.7505639
1746038137.754323
1746038137.759554
1746038137.7655258
1746038137.7706497
1746038137.774686
1746038137.778803
1746038137.7827113
1746038137.7837145
1746038137.7847085
1746038137.7872124
1746038137.791584
1746038137.793624
1746038137.795778
1746038137.7990181
1746038137.801437
1746038137.803685
1746038137.8078969
1746038137.8102171
1746038137.8133197
1746038137.816683
1746038137.819641
1746038137.8246183
1746038137.8277538
1746038137.830804
1746038137.8348107
1746038137.8404794
1746038137.8434489
1746038137.848034
1746038137.8537195
1746038137.8569705
1746038137.8619077
1746038137.8654716
1746038137.8694305
1746038137.8713956
1746038137.8743808
1746038137.8763564
1746038137.8804412
1746038137.8834164
1746038137.8874059
1746038137.8904269
1746038137.894421
1746038137.8974266
1746038137.9003878
1746038137.9033647
1746038137.9053478
1746038137.9092906
1746038137.911264
1746038137.912253
1746038137.916724
1746038137.921973
1746038137.9244733
1746038137.9284291
1746038137.9316058
1746038137.9365702
1746038137.9395332
1746038137.944479
1746038137.950448
1746038137.9546223
1746038137.9589412
1746038137.963401
1746038137.9663787
1746038137.9673755
1746038137.969362
1746038137.9713311
1746038137.9753058
1746038137.978307
1746038137.9802892
1746038137.9823358
1746038137.9873345
1746038137.989303
1746038137.9922638
1746038137.994765
1746038137.9987557
1746038138.002186
1746038138.0046911
1746038138.0086617
1746038138.0126102
1746038138.0155947
1746038138.0195322
1746038138.025887
1746038138.0288632
1746038138.0333261
1746038138.0391273
1746038138.0421405
1746038138.046613
1746038138.0495725
1746038138.0545318
1746038138.0565078
1746038138.0594857
1746038138.0614648
1746038138.066448
1746038138.0684621
1746038138.0724287
1746038138.07542
1746038138.0793633
1746038138.0813384
1746038138.0853093
1746038138.0873263
1746038138.0893004
1746038138.092264
1746038138.0957592
1746038138.0977414
1746038138.1017072
1746038138.1057074
1746038138.1086614
1746038138.1143258
1746038138.1174333
1746038138.121817
1746038138.125311
1746038138.130311
1746038138.1364863
1746038138.1424344
1746038138.1455665
1746038138.149507
1746038138.153519
1746038138.154513
1746038138.1558776
1746038138.1588094
1746038138.162717
1746038138.1647155
1746038138.1676729
1746038138.1696513
1746038138.1736286
1746038138.1756508
1746038138.17961
1746038138.1835911
1746038138.186612
1746038138.1896045
1746038138.1925611
1746038138.1965294
1746038138.2004888
1746038138.2036512
1746038138.2076073
1746038138.212547
1746038138.2166576
1746038138.220678
1746038138.2266436
1746038138.2286153
1746038138.2296033
1746038138.2325618
1746038138.233566
1746038138.2360375
1746038138.2399733
1746038138.241954
1746038138.2464464
1746038138.2484326
1746038138.2504098
1746038138.2523937
1746038138.2622979
1746038138.266288
1746038138.271297
1746038138.275259
1746038138.2784262
1746038138.280512
1746038138.2825477
1746038138.2846003
1746038138.2886307
1746038138.290921
1746038138.2947233
1746038138.2977452
1746038138.3019292
1746038138.304478
1746038138.3084476
1746038138.3104322
1746038138.3134034
1746038138.3174736
1746038138.319441
1746038138.3224463
1746038138.3267822
1746038138.330768
1746038138.333268
1746038138.3386996
1746038138.3416514
1746038138.3468723
1746038138.3498302
1746038138.3553064
1746038138.3605924
1746038138.3658347
1746038138.3697968
1746038138.3737438
1746038138.37669
1746038138.3777
1746038138.378992
1746038138.3821764
1746038138.386644
1746038138.3896897
1746038138.3916695
1746038138.393657
1746038138.3970945
1746038138.4002028
1746038138.4036703
1746038138.4057245
1746038138.4088726
1746038138.4118505
1746038138.4153225
1746038138.419702
1746038138.4234183
1746038138.4258084
1746038138.430026
1746038138.4355452
1746038138.4384866
1746038138.4418383
1746038138.4483013
1746038138.4504402
1746038138.452423
1746038138.4534261
1746038138.45553
1746038138.4575074
1746038138.46079
1746038138.463295
1746038138.4672556
1746038138.4692357
1746038138.470231
1746038138.4806736
1746038138.4916334
1746038138.4944255
1746038138.4994016
1746038138.5026891
1746038138.5056868
1746038138.5080917
1746038138.5110977
1746038138.5120919
1746038138.5176024
1746038138.5205693
1746038138.5245821
1746038138.5267005
1746038138.5310593
1746038138.5345669
1746038138.538533
1746038138.5418668
1746038138.543371
1746038138.6643407
1746038138.6665876
1746038138.6699016
1746038138.6724617
1746038138.6769228
1746038138.680942
1746038138.6856437
1746038138.68863
1746038138.692645
1746038138.6967034
1746038138.701861
1746038138.7055204
1746038138.7105274
1746038138.7166307
1746038138.720013
1746038138.7254279
1746038138.7264218
1746038138.7264218
1746038138.7278068
1746038138.7334087
1746038138.7378964
1746038138.7408268
1746038138.7433074
1746038138.7466428
1746038138.7486155
1746038138.7535405
1746038138.755561
1746038138.7589655
1746038138.7619288
1746038138.766741
1746038138.7691834
1746038138.7722158
1746038138.776784
1746038138.7809267
1746038138.7876306
1746038138.790894
1746038138.7954073
1746038138.7994637
1746038138.801417
1746038138.8043952
1746038138.8063955
1746038138.8085334
1746038138.810537
1746038138.815521
1746038138.8176074
1746038138.820801
1746038138.8217785
1746038138.825252
1746038138.8275747
1746038138.8300467
1746038138.833378
1746038138.8348308
1746038138.845362
1746038138.8555362
1746038138.8585806
1746038138.8646016
1746038138.867856
1746038138.8710768
1746038138.8735619
1746038138.87653
1746038138.878952
1746038138.8819165
1746038138.8865001
1746038138.8904974
1746038138.893492
1746038138.8984268
1746038138.9004035
1746038138.9044511
1746038138.9066787
1746038138.9086654
1746038138.912003
1746038138.9155033
1746038138.9174747
1746038138.9204524
1746038138.924484
1746038138.9284346
1746038138.933395
1746038138.9363654
1746038138.9413018
1746038138.9442995
1746038138.9502172
1746038138.9536886
1746038138.9576738
1746038138.964482
1746038138.969572
1746038138.9725373
1746038138.9745398
1746038138.975524
1746038138.9765103
1746038138.9804566
1746038138.9844294
1746038138.986433
1746038138.9884174
1746038138.9913676
1746038138.993362
1746038138.997327
1746038139.0012956
1746038139.0032904
1746038139.0062613
1746038139.0101988
1746038139.0136817
1746038139.0166855
1746038139.0206573
1746038139.025661
1746038139.0316188
1746038139.0345974
1746038139.0395257
1746038139.0434873
1746038139.0444798
1746038139.0454698
1746038139.049785
1746038139.0517392
1746038139.0542402
1746038139.0592396
1746038139.0612116
1746038139.0647166
1746038139.0668063
1746038139.0690646
1746038139.072024
1746038139.0755281
1746038139.0785007
1746038139.0814812
1746038139.0833585
1746038139.0943217
1746038139.1091788
1746038139.1124177
1746038139.1173737
1746038139.1203392
1746038139.1243238
1746038139.1253085
1746038139.128273
1746038139.130247
1746038139.1352239
1746038139.1371953
1746038139.1421816
1746038139.1446846
1746038139.1496801
1746038139.1521277
1746038139.1566312
1746038139.159587
1746038139.160572
1746038139.1645522
1746038139.1685336
1746038139.1705575
1746038139.17425
1746038139.1793356
1746038139.1822922
1746038139.1862817
1746038139.1902423
1746038139.1951954
1746038139.1991515
1746038139.2036235
1746038139.2075796
1746038139.215603
1746038139.2198868
1746038139.2246034
1746038139.227557
1746038139.2285867
1746038139.2297313
1746038139.2307956
1746038139.2362998
1746038139.2383013
1746038139.241261
1746038139.2432516
1746038139.2452343
1746038139.2491796
1746038139.253275
1746038139.256242
1746038139.2582712
1746038139.2622206
1746038139.2652066
1746038139.2685888
1746038139.2725987
1746038139.2765741
1746038139.2785585
1746038139.2845194
1746038139.2883835
1746038139.2922919
1746038139.2972164
1746038139.3011892
1746038139.3034065
1746038139.3044147
1746038139.3075445
1746038139.3095133
1746038139.3126779
1746038139.3166919
1746038139.3207624
1746038139.3233976
1746038139.324391
1746038139.3273494
1746038139.3303387
1746038139.3333287
1746038139.3434038
1746038139.3533447
1746038139.3582942
1746038139.363275
1746038139.366595
1746038139.3695812
1746038139.3705702
1746038139.373264
1746038139.375528
1746038139.3805084
1746038139.383477
1746038139.387461
1746038139.3894377
1746038139.39453
1746038139.396761
1746038139.4023836
1746038139.4045658
1746038139.4095068
1746038139.4132621
1746038139.4155545
1746038139.4176435
1746038139.4207194
1746038139.4250276
1746038139.4283042
1746038139.4322608
1746038139.4373713
1746038139.441827
1746038139.4453168
1746038139.451361
1746038139.4584632
1746038139.4644492
1746038139.4664147
1746038139.4735808
1746038139.4775896
1746038139.4786742
1746038139.480654
1746038139.4819295
1746038139.4874296
1746038139.4903908
1746038139.492546
1746038139.494563
1746038139.4989202
1746038139.5019984
1746038139.5054824
1746038139.5084558
1746038139.5104406
1746038139.51343
1746038139.517409
1746038139.5215101
1746038139.5244958
1746038139.5294533
1746038139.5326912
1746038139.5376775
1746038139.5411124
1746038139.5465984
1746038139.5499408
1746038139.551066
1746038139.5595315
1746038139.567345
1746038139.5752606
1746038139.578223
1746038139.5856507
1746038139.589821
1746038139.5918167
1746038139.5943162
1746038139.5975087
1746038139.600575
1746038139.6036656
1746038139.605994
1746038139.6101053
1746038139.6120868
1746038139.6165655
1746038139.6196086
1746038139.6236248
1746038139.6269295
1746038139.6289098
1746038139.6322787
1746038139.6356022
1746038139.6377385
1746038139.640925
1746038139.6454947
1746038139.647922
1746038139.6534069
1746038139.6573677
1746038139.661342
1746038139.6653225
1746038139.6703186
1746038139.6754267
1746038139.6793795
1746038139.6836076
1746038139.6877608
1746038139.6920054
1746038139.6920054
1746038139.6935086
1746038139.6945121
1746038139.6996973
1746038139.7020044
1746038139.7035077
1746038139.705839
1746038139.7087893
1746038139.710891
1746038139.71631
1746038139.7192867
1746038139.7225027
1746038139.7254865
1746038139.7288678
1746038139.732021
1746038139.7355168
1746038139.739573
1746038139.7415829
1746038139.7533448
1746038139.7636423
1746038139.7735488
1746038139.7765105
1746038139.781596
1746038139.7850318
1746038139.7885246
1746038139.7895122
1746038139.792475
1746038139.7944922
1746038139.7994616
1746038139.8014388
1746038139.805424
1746038139.8074067
1746038139.811394
1746038139.814387
1746038139.8188574
1746038139.9643252
1746038139.9677851
1746038139.9717367
1746038139.9742432
1746038139.9762099
1746038139.9791763
1746038139.9843764
1746038139.987368
1746038139.991331
1746038139.9956563
1746038140.0005903
1746038140.003572
1746038140.0095127
1746038140.0124712
1746038140.018485
1746038140.02152
1746038140.0264957
1746038140.029482
1746038140.031907
1746038140.033411
1746038140.0344682
1746038140.03841
1746038140.0413737
1746038140.0433602
1746038140.0454988
1746038140.048482
1746038140.0504494
1746038140.0535665
1746038140.0575163
1746038140.0605109
1746038140.0644784
1746038140.0674348
1746038140.070467
1746038140.0735216
1746038140.0775163
1746038140.0816457
1746038140.0862615
1746038140.0971913
1746038140.1078143
1746038140.1172075
1746038140.1262765
1746038140.1296875
1746038140.1341755
1746038140.1373117
1746038140.1412864
1746038140.1433914
1746038140.1458418
1746038140.1478183
1746038140.1507704
1746038140.1532595
1746038140.1583421
1746038140.160294
1746038140.1642632
1746038140.1662965
1746038140.1712523
1746038140.1742368
1746038140.17629
1746038140.1784627
1746038140.1814163
1746038140.1834161
1746038140.18643
1746038140.19137
1746038140.195342
1746038140.2002866
1746038140.2032638
1746038140.2072465
1746038140.2102323
1746038140.215209
1746038140.2181923
1746038140.223143
1746038140.2270966
1746038140.2320395
1746038140.2358725
1746038140.2378457
1746038140.238847
1746038140.2398288
1746038140.2443109
1746038140.2462842
1746038140.2492487
1746038140.252227
1746038140.2542262
1746038140.257185
1746038140.2601628
1746038140.2621443
1746038140.2651284
1746038140.2710416
1746038140.2735422
1746038140.2777565
1746038140.2797253
1746038140.2831957
1746038140.2866898
1746038140.2916632
1746038140.295636
1746038140.2996404
1746038140.3095286
1746038140.3174124
1746038140.3236034
1746038140.3305824
1746038140.333563
1746038140.3375173
1746038140.3418977
1746038140.3443916
1746038140.346675
1746038140.349679
1746038140.3517165
1746038140.3554082
1746038140.3574884
1746038140.3620875
1746038140.3646228
1746038140.368566
1746038140.3716886
1746038140.37532
1746038140.378502
1746038140.3804805
1746038140.3834634
1746038140.3859048
1746038140.3879092
1746038140.3909607
1746038140.3955636
1746038140.3985128
1746038140.4031575
1746038140.4061108
1746038140.410342
1746038140.4133222
1746038140.420314
1746038140.4233322
1746038140.4275734
1746038140.4316237
1746038140.437069
1746038140.4414198
1746038140.442446
1746038140.4434502
1746038140.446422
1746038140.4503586
1746038140.45237
1746038140.4544263
1746038140.4554045
1746038140.4588196
1746038140.4620948
1746038140.4669907
1746038140.4699843
1746038140.4719405
1746038140.4757917
1746038140.4792721
1746038140.4817405
1746038140.4852324
1746038140.4887397
1746038140.4981492
1746038140.509774
1746038140.5185456
1746038140.5275114
1746038140.5314891
1746038140.536913
1746038140.5398822
1746038140.5433574
1746038140.5455883
1746038140.5475497
1746038140.550959
1746038140.5546978
1746038140.555756
1746038140.560698
1746038140.5617008
1746038140.5672455
1746038140.5693922
1746038140.5743973
1746038140.576363
1746038140.5785577
1746038140.5825365
1746038140.5856054
1746038140.5876062
1746038140.5906525
1746038140.5942109
1746038140.598266
1746038140.6025057
1746038140.6054902
1746038140.609864
1746038140.6132681
1746038140.6186452
1746038140.623587
1746038140.6285958
1746038140.6315625
1746038140.63622
1746038140.6408129
1746038140.6418033
1746038140.6433072
1746038140.6443126
1746038140.6494024
1746038140.6523647
1746038140.6554437
1746038140.6576045
1746038140.6598098
1746038140.661775
1746038140.6673756
1746038140.6703324
1746038140.673302
1746038140.6763146
1746038140.6803658
1746038140.683132
1746038140.6867537
1746038140.6899767
1746038140.6934755
1746038140.7051973
1746038140.7151306
1746038140.725065
1746038140.7303643
1746038140.738736
1746038140.7417734
1746038140.7482357
1746038140.7512302
1746038140.7552032
1746038140.7571778
1746038140.760133
1746038140.7611177
1746038140.7650847
1746038140.7670832
1746038140.772308
1746038140.7763898
1746038140.7803514
1746038140.782325
1746038140.787969
1746038140.7899485
1746038140.7922587
1746038140.795246
1746038140.7972212
1746038140.800238
1746038140.8043237
1746038140.807312
1746038140.8102617
1746038140.8142407
1746038140.8191845
1746038140.8231485
1746038140.827102
1746038140.8310745
1746038140.8355694
1746038140.8385236
1746038140.8414893
1746038140.8434808
1746038140.8464663
1746038140.8484359
1746038140.8533857
1746038140.8553698
1746038140.86061
1746038140.863525
1746038140.8678186
1746038140.8702166
1746038140.8752923
1746038140.8782582
1746038140.8802128
1746038140.8832123
1746038140.8854043
1746038140.887906
1746038140.8918724
1746038140.8954234
1746038140.8983798
1746038140.9023287
1746038140.9063575
1746038140.9112835
1746038140.9153368
1746038140.9205074
1746038140.9244754
1746038140.9294078
1746038140.933379
1746038140.9363701
1746038140.9413147
1746038140.9422998
1746038140.9443018
1746038140.9452987
1746038140.9482982
1746038140.9502695
1746038140.9532454
1746038140.955453
1746038140.958411
1746038140.9613924
1746038140.9643793
1746038140.967328
1746038140.9706404
1746038140.9731312
1746038140.9831092
1746038140.9920611
1746038140.9955444
1746038141.0005488
1746038141.0043972
1746038141.0064845
1746038141.008583
1746038141.0115578
1746038141.0135436
1746038141.0184925
1746038141.0205336
1746038141.0245273
1746038141.0264924
1746038141.0304272
1746038141.0333924
1746038141.0376654
1746038141.040619
1746038141.0416014
1746038141.0460644
1746038141.0480638
1746038141.0500278
1746038141.0544944
1746038141.0585837
1746038141.0615342
1746038141.0654948
1746038141.0684383
1746038141.0731544
1746038141.0761364
1746038141.0811493
1746038141.0853233
1746038141.090275
1746038141.0931053
1746038141.1003726
1746038141.1033916
1746038141.104392
1746038141.1053777
1746038141.106368
1746038141.109322
1746038141.1113133
1746038141.1142976
1746038141.1172814
1746038141.1202497
1746038141.1227102
1746038141.1261613
1746038141.1284914
1746038141.1306741
1746038141.1345243
1746038141.1441743
1746038141.1515465
1746038141.155641
1746038141.1651256
1746038141.1683264
1746038141.173366
1746038141.176753
1746038141.1801968
1746038141.1814015
1746038141.1844003
1746038141.1863716
1746038141.1916354
1746038141.1931381
1746038141.1972778
1746038141.1993194
1746038141.2047546
1746038141.2067242
1746038141.2108397
1746038141.214319
1746038141.2154593
1746038141.2185035
1746038141.2209191
1746038141.223415
1746038141.2254725
1746038141.2296429
1746038141.233473
1746038141.2386086
1746038141.241833
1746038141.2476542
1746038141.2506998
1746038141.2551677
1746038141.2581384
1746038141.2621167
1746038141.263121
1746038141.266084
1746038141.2680535
1746038141.2719917
1746038141.2744975
1746038141.2784598
1746038141.2804294
1746038141.284398
1746038141.2876062
1746038141.2915468
1746038141.2945294
1746038141.2964988
1746038141.3004553
1746038141.3034346
1746038141.3054185
1746038141.4762056
1746038141.4821284
1746038141.4841232
1746038141.488817
1746038141.491776
1746038141.4972446
1746038141.5002062
1746038141.5061471
1746038141.509105
1746038141.514079
1746038141.5182433
1746038141.5212057
1746038141.5231962
1746038141.5263836
1746038141.5283601
1746038141.5323043
1746038141.5343115
1746038141.5382578
1746038141.540711
1746038141.5441961
1746038141.548165
1746038141.553076
1746038141.5553555
1746038141.5583181
1746038141.5622582
1746038141.5642579
1746038141.5662313
1746038141.5691829
1746038141.5731552
1746038141.5771077
1746038141.5830412
1746038141.5864375
1746038141.591196
1746038141.5961604
1746038141.6001055
1746038141.604471
1746038141.6094089
1746038141.6143653
1746038141.6176395
1746038141.621588
1746038141.6230934
1746038141.6250901
1746038141.6260767
1746038141.630053
1746038141.631036
1746038141.633039
1746038141.6350985
1746038141.6400433
1746038141.6430404
1746038141.6460016
1746038141.64797
1746038141.651925
1746038141.6544356
1746038141.6573865
1746038141.66531
1746038141.6732616
1746038141.6772172
1746038141.685334
1746038141.6888168
1746038141.6944842
1746038141.6974308
1746038141.7016459
1746038141.7031503
1746038141.7061021
1746038141.7084308
1746038141.7115426
1746038141.7140977
1746038141.717484
1746038141.719856
1746038141.7243154
1746038141.7267327
1746038141.7307222
1746038141.7332134
1746038141.7356439
1746038141.7376068
1746038141.7411792
1746038141.7431746
1746038141.7461836
1746038141.750541
1746038141.7530267
1746038141.7579749
1746038141.7609823
1746038141.7669091
1746038141.7698753
1746038141.7743466
1746038141.777696
1746038141.7831683
1746038141.7871194
1746038141.791427
1746038141.7953968
1746038141.7974188
1746038141.7984357
1746038141.800409
1746038141.803381
1746038141.8065455
1746038141.8085132
1746038141.8130698
1746038141.8150527
1746038141.81732
1746038141.8203917
1746038141.8232102
1746038141.8261738
1746038141.8282945
1746038141.8377295
1746038141.8441045
1746038141.8501318
1746038141.8573072
1746038141.8642647
1746038141.867242
1746038141.8722143
1746038141.8766334
1746038141.8786836
1746038141.880659
1746038141.883491
1746038141.8854713
1746038141.8899715
1746038141.8920834
1746038141.8960588
1746038141.8983245
1746038141.9031816
1746038141.9051607
1746038141.909177
1746038141.912231
1746038141.91425
1746038141.9178805
1746038141.9209788
1746038141.9219651
1746038141.925455
1746038141.9307718
1746038141.9342778
1746038141.9383068
1746038141.9423962
1746038141.9474614
1746038141.9504158
1746038141.9553187
1746038141.9586158
1746038141.964494
1746038141.9674714
1746038141.9716535
1746038141.975138
1746038141.977463
1746038141.9784553
1746038141.9796572
1746038141.9817781
1746038141.9843214
1746038141.9867477
1746038141.9904842
1746038141.9934525
1746038141.9954362
1746038141.9985976
1746038142.0020323
1746038142.0050159
1746038142.0081086
1746038142.0173883
1746038142.0233426
1746038142.0296018
1746038142.0371995
1746038142.0401556
1746038142.0498023
1746038142.0533454
1746038142.058304
1746038142.062239
1746038142.0652182
1746038142.067197
1746038142.070378
1746038142.0713665
1746038142.0753393
1746038142.0783477
1746038142.0815387
1746038142.084082
1746038142.0885544
1746038142.0907772
1746038142.0942748
1746038142.097429
1746038142.1006236
1746038142.1031182
1746038142.1060991
1746038142.1080694
1746038142.1100695
1746038142.1151648
1746038142.118175
1746038142.122161
1746038142.1262052
1746038142.1311364
1746038142.1341171
1746038142.140035
1746038142.144021
1746038142.1489682
1746038142.15198
1746038142.1569037
1746038142.1599028
1746038142.1619236
1746038142.1634269
1746038142.1647568
1746038142.1677337
1746038142.1700222
1746038142.1722007
1746038142.1761725
1746038142.1783633
1746038142.179667
1746038142.1832192
1746038142.186465
1746038142.1887538
1746038142.1907363
1746038142.200165
1746038142.2071009
1746038142.2160506
1746038142.2255142
1746038142.2300844
1746038142.2352903
1746038142.2393386
1746038142.2413366
1746038142.2433534
1746038142.2463284
1746038142.2483084
1746038142.2522736
1746038142.2543085
1746038142.2572613
1746038142.263225
1746038142.2675369
1746038142.2711337
1746038142.2731142
1746038142.2761567
1746038142.2781465
1746038142.282234
1746038142.2843237
1746038142.2900178
1746038142.2919717
1746038142.2965887
1746038142.2989
1746038142.304002
1746038142.3073852
1746038142.309382
1746038142.3115602
1746038142.3144007
1746038142.3173463
1746038142.3193233
1746038142.3254156
1746038142.327951
1746038142.3321645
1746038142.3361495
1746038142.3405335
1746038142.3431168
1746038142.348672
1746038142.3520916
1746038142.3563762
1746038142.3603694
1746038142.3630087
1746038142.3684196
1746038142.3694086
1746038142.370442
1746038142.3714244
1746038142.374331
1746038142.377518
1746038142.3795044
1746038142.381647
1746038142.3831503
1746038142.386525
1746038142.3890805
1746038142.397017
1746038142.4009843
1746038142.4044685
1746038142.4133642
1746038142.4163406
1746038142.4253578
1746038142.4283712
1746038142.4333513
1746038142.43775
1746038142.4398737
1746038142.4419487
1746038142.4454465
1746038142.4464233
1746038142.4503837
1746038142.4523537
1746038142.45637
1746038142.458411
1746038142.4614124
1746038142.464052
1746038142.4685047
1746038142.4714987
1746038142.4769604
1746038142.4799223
1746038142.4840124
1746038142.4854095
1746038142.488368
1746038142.4903812
1746038142.4943612
1746038142.4955745
1746038142.500559
1746038142.503243
1746038142.5071974
1746038142.5091794
1746038142.5141249
1746038142.5180795
1746038142.5200787
1746038142.5234442
1746038142.5267737
1746038142.528747
1746038142.5317235
1746038142.5381696
1746038142.5421047
1746038142.5460768
1746038142.5490072
1746038142.552443
1746038142.5564234
1746038142.5623417
1746038142.5663204
1746038142.5702772
1746038142.5732503
1746038142.5783563
1746038142.5822952
1746038142.5843108
1746038142.585317
1746038142.5862975
1746038142.590318
1746038142.5913022
1746038142.5932877
1746038142.5952706
1746038142.599489
1746038142.6029837
1746038142.60709
1746038142.6090608
1746038142.6120114
1746038142.6150272
1746038142.6239662
1746038142.6269279
1746038142.6309695
1746038142.6389325
1746038142.646949
1746038142.6518643
1746038142.6622627
1746038142.665258
1746038142.6702077
1746038142.6741521
1746038142.678113
1746038142.6800976
1746038142.6831007
1746038142.6851182
1746038142.6881638
1746038142.6901693
1746038142.6951427
1746038142.6973696
1746038142.703161
1746038142.7071555
1746038142.7094817
1746038142.711693
1746038142.7141862
1746038142.715604
1746038142.7199254
1746038142.7219973
1746038142.7261178
1746038142.7271035
1746038142.7317178
1746038142.7353191
1746038142.739246
1746038142.7414048
1746038142.742968
1746038142.747309
1746038142.7495964
1746038142.7515802
1746038142.7550693
1746038142.759012
1746038142.7621582
1746038142.767173
1746038142.7705674
1746038142.7750368
1746038142.7772942
1746038142.7830331
1746038142.7869778
1746038142.7904532
1746038142.79538
1746038142.7995305
1746038142.8039997
1746038142.8049834
1746038142.8059697
1746038142.8069525
1746038142.808931
1746038142.814268
1746038142.8152454
1746038142.8185034
1746038142.8205998
1746038142.823103
1746038142.83198
1746038142.8392713
1746038142.843391
1746038142.8473485
1746038142.8542361
1746038142.8572245
1746038142.861537
1746038142.8661563
1746038142.8683338
1746038142.8707461
1746038142.8733368
1746038142.875632
1746038142.8787565
1746038142.881183
1746038142.885931
1746038142.8870225
1746038142.8915212
1746038142.8940196
1746038142.8980107
1746038142.9000716
1746038142.902047
1746038142.905246
1746038142.9085903
1746038142.9096315
1746038142.913286
1746038142.9173307
1746038142.9204726
1746038142.9250162
1746038142.9293425
1746038142.9333122
1746038142.9377725
1746038142.9417331
1746038142.946398
1746038142.9504743
1746038142.9541702
1746038142.958274
1746038142.9629767
1746038142.9639719
1746038142.9653723
1746038142.9653723
1746038142.969586
1746038142.9733694
1746038142.9753516
1746038142.9773395
1746038142.9793932
1746038142.9816225
1746038142.9915333
1746038142.9984124
1746038143.001748
1746038143.0062273
1746038143.014938
1746038143.0220344
1746038143.026464
1746038143.0309207
1746038143.0344357
1746038143.0373917
1746038143.0393753
1746038143.0423293
1746038143.043335
1746038143.048299
1746038143.0502658
1746038143.0557313
1746038143.0581522
1746038143.0621595
1746038143.065171
1746038143.068144
1746038143.0711067
1746038143.0731347
1746038143.0763688
1746038143.079333
1746038143.0803182
1746038143.084772
1746038143.0877428
1746038143.090749
1746038143.0942416
1746038143.0991628
1746038143.1031394
1746038143.106104
1746038143.1110282
1746038143.1159837
1746038143.1209087
1746038143.1233993
1746038143.1293843
1746038143.1333468
1746038143.1353471
1746038143.1363356
1746038143.1373303
1746038143.3432355
1746038143.3471904
1746038143.3491743
1746038143.351192
1746038143.3533387
1746038143.3553193
1746038143.3642497
1746038143.3682988
1746038143.375221
1746038143.3791735
1746038143.3872013
1746038143.390174
1746038143.3971336
1746038143.4010904
1746038143.405073
1746038143.4092755
1746038143.4122338
1746038143.4142363
1746038143.4172235
1746038143.4192002
1746038143.424187
1746038143.426235
1746038143.43018
1746038143.433158
1746038143.4371614
1746038143.4391448
1746038143.4431667
1746038143.446186
1746038143.4481635
1746038143.4521239
1746038143.4551134
1746038143.4570823
1746038143.4591694
1746038143.4641817
1746038143.467139
1746038143.4711409
1746038143.47415
1746038143.4800658
1746038143.4841344
1746038143.4881127
1746038143.4911137
1746038143.4960861
1746038143.5001082
1746038143.5030816
1746038143.507341
1746038143.5083292
1746038143.5093102
1746038143.5103028
1746038143.5132794
1746038143.5152595
1746038143.5192587
1746038143.5212262
1746038143.5232153
1746038143.5265112
1746038143.5294797
1746038143.5388439
1746038143.5450594
1746038143.5510647
1746038143.5579576
1746038143.5629718
1746038143.5669396
1746038143.5699003
1746038143.5749273
1746038143.580384
1746038143.5843704
1746038143.589356
1746038143.5933576
1746038143.59834
1746038143.6030698
1746038143.6051855
1746038143.6076486
1746038143.6096263
1746038143.611627
1746038143.6161766
1746038143.6172664
1746038143.6215694
1746038143.6230726
1746038143.6283278
1746038143.6314344
1746038143.635081
1746038143.6380553
1746038143.6400821
1746038143.6440618
1746038143.646037
1746038143.647354
1746038143.651972
1746038143.6561284
1746038143.6585562
1746038143.6630213
1746038143.6669788
1746038143.671077
1746038143.6744266
1746038143.6793718
1746038143.6832364
1746038143.688335
1746038143.6923547
1746038143.696419
1746038143.7007053
1746038143.7016885
1746038143.7016885
1746038143.703194
1746038143.7066677
1746038143.7105916
1746038143.7130709
1746038143.7150428
1746038143.7170157
1746038143.7199762
1746038143.7288835
1746038143.7350001
1746038143.7399306
1746038143.7449076
1746038143.7500558
1746038143.753099
1746038143.756431
1746038143.7605574
1746038143.7643516
1746038143.7703617
1746038143.774328
1746038143.7812595
1746038143.785243
1746038143.7902539
1746038143.7932405
1746038143.7972062
1746038143.8012228
1746038143.8042192
1746038143.8066497
1746038143.809844
1746038143.8108468
1746038143.814876
1746038143.8169591
1746038143.820988
1746038143.8233488
1746038143.8273413
1746038143.8293853
1746038143.8349235
1746038143.837856
1746038143.8400176
1746038143.8430939
1746038143.845149
1746038143.848008
1746038143.851222
1746038143.8542528
1746038143.8572228
1746038143.8620312
1746038143.8660913
1746038143.8705065
1746038143.8740098
1746038143.8782673
1746038143.8824914
1746038143.8859737
1746038143.8904057
1746038143.8939018
1746038143.8980308
1746038143.8990238
1746038143.9000585
1746038143.9010973
1746038143.9040384
1746038143.907589
1746038143.9095585
1746038143.911895
1746038143.9138975
1746038143.9170024
1746038143.9260702
1746038143.9322362
1746038143.9364746
1746038143.9418848
1746038143.9468455
1746038143.9490812
1746038143.9533353
1746038143.9565084
1746038143.9607103
1746038143.9662023
1746038143.9716222
1746038143.9773993
1746038143.981351
1746038143.9859118
1746038143.986895
1746038143.987909
1746038143.990397
1746038143.993963
1746038143.9952626
1746038143.9973097
1746038144.0005817
1746038144.0030925
1746038144.0054116
1746038144.009508
1746038144.0130053
1746038144.017986
1746038144.0230012
1746038144.0259929
1746038144.0280175
1746038144.029989
1746038144.0322812
1746038144.035737
1746038144.0387673
1746038144.0450337
1746038144.0470724
1746038144.0511117
1746038144.054091
1746038144.058598
1746038144.061555
1746038144.0644462
1746038144.0673957
1746038144.070443
1746038144.0714273
1746038144.0759046
1746038144.0799255
1746038144.0818913
1746038144.0858824
1746038144.0903435
1746038144.094332
1746038144.0972915
1746038144.1022413
1746038144.1062067
1746038144.111395
1746038144.1149015
1746038144.1190574
1746038144.123015
1746038144.124007
1746038144.1249964
1746038144.1259785
1746038144.12994
1746038144.132909
1746038144.1348855
1746038144.1369262
1746038144.1388943
1746038144.1418514
1746038144.150812
1746038144.1562812
1746038144.1616817
1746038144.1664093
1746038144.1728947
1746038144.1758697
1746038144.178919
1746038144.1828794
1746038144.1878169
1746038144.193309
1746038144.199246
1746038144.204198
1746038144.2073479
1746038144.2122798
1746038144.2132826
1746038144.214481
1746038144.2166443
1746038144.2196283
1746038144.22181
1746038144.223315
1746038144.2273123
1746038144.229286
1746038144.23128
1746038144.236264
1746038144.238245
1746038144.241426
1746038144.246381
1746038144.2493625
1746038144.2529523
1746038144.258191
1746038144.2621486
1746038144.26516
1746038144.2681165
1746038144.2740595
1746038144.277014
1746038144.2799761
1746038144.2809603
1746038144.2839425
1746038144.285929
1746038144.2903845
1746038144.2915633
1746038144.2971063
1746038144.2991116
1746038144.303278
1746038144.3065572
1746038144.309684
1746038144.3116717
1746038144.3131742
1746038144.317133
1746038144.3203921
1746038144.3213696
1746038144.3258219
1746038144.3298597
1746038144.3318696
1746038144.335858
1746038144.3408759
1746038144.3448393
1746038144.3478625
1746038144.3539374
1746038144.3578804
1746038144.3618186
1746038144.3653426
1746038144.3693728
1746038144.3743272
1746038144.375309
1746038144.376295
1746038144.3773494
1746038144.380362
1746038144.3833342
1746038144.38532
1746038144.387292
1746038144.3892684
1746038144.3912728
1746038144.40023
1746038144.404486
1746038144.4094255
1746038144.4139104
1746038144.4210846
1746038144.4260347
1746038144.4290054
1746038144.4349582
1746038144.4379632
1746038144.4410498
1746038144.443267
1746038144.445234
1746038144.4464688
1746038144.449786
1746038144.4532053
1746038144.4562478
1746038144.4582157
1746038144.4615755
1746038144.4651582
1746038144.4691715
1746038144.4721398
1746038144.4741435
1746038144.478307
1746038144.480294
1746038144.4828753
1746038144.4868562
1746038144.4889162
1746038144.4929478
1746038144.4973395
1746038144.5012684
1746038144.5052974
1746038144.508273
1746038144.5130198
1746038144.5169933
1746038144.5220723
1746038144.5250676
1746038144.5293462
1746038144.5331228
1746038144.5351226
1746038144.5361004
1746038144.537543
1746038144.5405025
1746038144.5441642
1746038144.546391
1746038144.5486012
1746038144.551727
1746038144.5542307
1746038144.5621302
1746038144.5693793
1746038144.5738614
1746038144.5782487
1746038144.5850973
1746038144.5894496
1746038144.5939963
1746038144.5974529
1746038144.6015599
1746038144.604059
1746038144.6060586
1746038144.608076
1746038144.610063
1746038144.6142707
1746038144.616828
1746038144.620259
1746038144.6232417
1746038144.627247
1746038144.6303682
1746038144.6338685
1746038144.6371827
1746038144.638177
1746038144.642841
1746038144.6448216
1746038144.6468313
1746038144.6510785
1746038144.6541245
1746038144.6573243
1746038144.6619983
1746038144.6659899
1746038144.671204
1746038144.6741924
1746038144.6791892
1746038144.6831527
1746038144.6874511
1746038144.6913748
1746038144.6958673
1746038144.7002916
1746038144.7015605
1746038144.7015605
1746038144.7030652
1746038144.7070167
1746038144.710233
1746038144.7122045
1746038144.7142038
1746038144.7166169
1746038144.7188873
1746038144.7282588
1746038144.733816
1746038144.736915
1746038144.7414558
1746038144.7481623
1746038144.7531044
1746038144.7560694
1746038144.7621822
1746038144.7661884
1746038144.7692356
1746038144.7712073
1746038144.7738738
1746038144.7748625
1746038144.7788293
1746038144.7808013
1746038144.7852807
1746038144.7873156
1746038144.7902968
1746038144.7938435
1746038144.7968237
1746038144.7998395
1746038144.8018486
1746038144.8058357
1746038144.8087673
1746038144.809868
1746038144.8128254
1746038144.8168757
1746038144.8203351
1746038144.823804
1746038144.8280191
1746038144.8319755
1746038144.8350863
1746038144.84013
1746038144.8441257
1746038144.8481007
1746038144.8520453
1746038144.8550317
1746038144.8599622
1746038144.8609517
1746038144.8619328
1746038144.8629382
1746038144.865924
1746038144.8695483
1746038144.8715274
1746038144.874032
1746038144.8760004
1746038144.8789675
1746038144.8870597
1746038144.895015
1746038144.8999908
1746038144.904204
1746038144.9101205
1746038144.9130878
1746038144.9162486
1746038144.9201875
1746038144.9254491
1746038144.9304936
1746038144.936046
1746038144.940967
1746038144.9449434
1746038144.9482882
1746038144.9492698
1746038144.9512534
1746038144.9532428
1746038144.9568691
1746038144.9588442
1746038144.960822
1746038144.9647946
1746038144.9667733
1746038144.9687579
1746038144.9741056
1746038144.976079
1746038144.9790435
1746038144.9861453
1746038144.9891293
1746038144.991638
1746038144.9980876
1746038145.0015461
1746038145.0050316
1746038145.0099473
1746038145.0139287
1746038145.0149105
1746038145.0188587
1746038145.0198436
1746038145.024119
1746038145.027079
1746038145.031035
1746038145.0350564
1746038145.0380228
1746038145.0399952
1746038145.0419593
1746038145.0443113
1746038145.0472791
1746038145.0502834
1746038145.053834
1746038145.055813
1746038145.0597687
1746038145.064238
1746038145.0681875
1746038145.0702176
1746038145.0722008
1746038145.0761797
1746038145.078152
1746038145.0801234
1746038145.083096
1746038145.0870657
1746038145.090555
1746038145.094074
1746038145.0970273
1746038145.1019888
1746038145.105004
1746038145.1099305
1746038145.1142313
1746038145.1191692
1746038145.1231234
1746038145.1273222
1746038145.1314187
1746038145.1329226
1746038145.1341584
1746038145.1351435
1746038145.1380944
1746038145.1400683
1746038145.144044
1746038145.1460102
1746038145.1479807
1746038145.1510513
1746038145.154037
1746038145.1649258
1746038145.168916
1746038145.1719315
1746038145.177871
1746038145.1828475
1746038145.1898131
1746038145.192817
1746038145.1967838
1746038145.2062156
1746038145.2091799
1746038145.214118
1746038145.2187703
1746038145.220733
1746038145.2230732
1746038145.225042
1746038145.2263787
1746038145.2308173
1746038145.2328079
1746038145.23712
1746038145.2391207
1746038145.2430837
1746038145.2464252
1746038145.2504034
1746038145.2528956
1746038145.2539043
1746038145.2569628
1746038145.2605307
1746038145.2630432
1746038145.2659976
1746038145.2712557
1746038145.2739015
1746038145.2778676
1746038145.2830222
1746038145.2871103
1746038145.2900693
1746038145.2951307
1746038145.2991226
1746038145.3028378
1746038145.306182
1746038145.3111165
1746038145.3140996
1746038145.3151245
1746038145.3171334
1746038145.3192713
1746038145.3232267
1746038145.3242202
1746038145.326516
1746038145.3275347
1746038145.3297155
1746038145.336903
1746038145.341365
1746038145.3471472
1746038145.3500917
1746038145.354067
1746038145.3611302
1746038145.3641608
1746038145.3693218
1746038145.3728492
1746038145.3760862
1746038145.3770723
1746038145.3804522
1746038145.3814452
1746038145.3859174
1746038145.3869505
1746038145.3911443
1746038145.3940902
1746038145.39824
1746038145.402258
1746038145.4061856
1746038145.4082198
1746038145.4103594
1746038145.4138384
1746038145.416302
1746038145.418344
1746038145.4213228
1746038145.4257927
1746038145.4287524
1746038145.4327898
1746038145.437152
1746038145.4411
1746038145.444118
1746038145.450185
1746038145.4542356
1746038145.4581735
1746038145.46138
1746038145.4658608
1746038145.47088
1746038145.471869
1746038145.4728723
1746038145.4728723
1746038145.4761505
1746038145.4793386
1746038145.481406
1746038145.4829092
1746038145.4856381
1746038145.48865
1746038145.4972181
1746038145.501172
1746038145.5071988
1746038145.511176
1746038145.515033
1746038145.5220804
1746038145.5260706
1746038145.529248
1746038145.537558
1746038145.540884
1746038145.5458453
1746038145.5497825
1746038145.5527556
1746038145.554741
1746038145.8058875
1746038145.8078833
1746038145.8118422
1746038145.8140368
1746038145.817981
1746038145.8199484
1746038145.8239157
1746038145.8269258
1746038145.8308742
1746038145.832881
1746038145.8349395
1746038145.8390253
1746038145.8419824
1746038145.8439772
1746038145.846965
1746038145.8510737
1746038145.8541074
1746038145.8581798
1746038145.8641906
1746038145.8692443
1746038145.8722262
1746038145.8767004
1746038145.8806598
1746038145.8841505
1746038145.8895876
1746038145.893102
1746038145.8972862
1746038145.8982892
1746038145.899272
1746038145.9003053
1746038145.9041712
1746038145.9077232
1746038145.9097018
1746038145.910687
1746038145.9139278
1746038145.915908
1746038145.927126
1746038145.9307141
1746038145.9362056
1746038145.940158
1746038145.9471786
1746038145.9554389
1746038145.95843
1746038145.9613776
1746038145.966827
1746038145.9697828
1746038145.9747725
1746038145.9787111
1746038145.981697
1746038145.9832008
1746038145.9861686
1746038145.988149
1746038145.9916642
1746038145.9941878
1746038145.997141
1746038145.9991236
1746038146.0030353
1746038146.0060232
1746038146.0090213
1746038146.0119755
1746038146.0139759
1746038146.0179234
1746038146.019903
1746038146.0218747
1746038146.0248647
1746038146.0288072
1746038146.0317645
1746038146.036975
1746038146.039927
1746038146.0438955
1746038146.0468569
1746038146.0528352
1746038146.055809
1746038146.0597627
1746038146.0637448
1746038146.0687296
1746038146.0716846
1746038146.0731897
1746038146.0741885
1746038146.0751715
1746038146.079163
1746038146.081136
1746038146.0821197
1746038146.0852153
1746038146.0916433
1746038146.0961409
1746038146.1020563
1746038146.1080875
1746038146.111455
1746038146.115926
1746038146.1208444
1746038146.12384
1746038146.1292355
1746038146.1321797
1746038146.135162
1746038146.1373472
1746038146.1403384
1746038146.141324
1746038146.1467755
1746038146.1487503
1746038146.1531916
1746038146.1552532
1746038146.15819
1746038146.1616523
1746038146.1665127
1746038146.1685202
1746038146.170653
1746038146.1740034
1746038146.1770234
1746038146.178001
1746038146.1810973
1746038146.1853292
1746038146.1887038
1746038146.1932037
1746038146.1961775
1746038146.201172
1746038146.2040188
1746038146.2099457
1746038146.212949
1746038146.2179189
1746038146.221269
1746038146.2257872
1746038146.230082
1746038146.231074
1746038146.231074
1746038146.2330604
1746038146.2373703
1746038146.239768
1746038146.2417405
1746038146.2440326
1746038146.251622
1746038146.2551098
1746038146.2610471
1746038146.2650197
1746038146.270101
1746038146.2730649
1746038146.2781653
1746038146.2813258
1746038146.2848046
1746038146.2897623
1746038146.2937605
1746038146.299702
1746038146.3059676
1746038146.3099804
1746038146.3149347
1746038146.3159623
1746038146.319909
1746038146.3209004
1746038146.3228846
1746038146.3238764
1746038146.327309
1746038146.32963
1746038146.3308687
1746038146.3359287
1746038146.338031
1746038146.3401597
1746038146.3430066
1746038146.3477275
1746038146.3517253
1746038146.3538876
1746038146.3569505
1746038146.361919
1746038146.36587
1746038146.3697784
1746038146.373733
1746038146.3748643
1746038146.3758502
1746038146.3817706
1746038146.3827727
1746038146.3847847
1746038146.389717
1746038146.3907015
1746038146.3927228
1746038146.3980143
1746038146.401018
1746038146.4020114
1746038146.4049888
1746038146.4081037
1746038146.4130454
1746038146.4160292
1746038146.4210496
1746038146.4273562
1746038146.4303265
1746038146.432811
1746038146.435801
1746038146.4387858
1746038146.4437335
1746038146.447735
1746038146.4510643
1746038146.4530509
1746038146.4550867
1746038146.4570596
1746038146.4600124
1746038146.4626892
1746038146.4669008
1746038146.4689438
1746038146.4740176
1746038146.4762995
1746038146.4809952
1746038146.4831026
1746038146.4850707
1746038146.489047
1746038146.491474
1746038146.4930022
1746038146.4966116
1746038146.4995954
1746038146.5029035
1746038146.5083432
1746038146.511547
1746038146.516121
1746038146.5201352
1746038146.5250635
1746038146.5289724
1746038146.5341806
1746038146.5375555
1746038146.5430114
1746038146.546037
1746038146.5483837
1746038146.5493612
1746038146.551326
1746038146.5552874
1746038146.5572531
1746038146.5592782
1746038146.5613523
1746038146.569382
1746038146.5749316
1746038146.5808744
1746038146.5849214
1746038146.5883756
1746038146.5903609
1746038146.5962727
1746038146.5992312
1746038146.6037781
1746038146.6077163
1746038146.6116774
1746038146.6177974
1746038146.6217563
1746038146.6270099
1746038146.6329653
1746038146.6339657
1746038146.6349676
1746038146.638289
1746038146.6407204
1746038146.6431236
1746038146.649433
1746038146.6504245
1746038146.652916
1746038146.6562724
1746038146.6592388
1746038146.6613023
1746038146.6638105
1746038146.6682527
1746038146.671208
1746038146.6759744
1746038146.6789498
1746038146.685927
1746038146.6889362
1746038146.6941767
1746038146.695165
1746038146.6964743
1746038146.6998503
1746038146.7039247
1746038146.7049162
1746038146.7089171
1746038146.7108982
1746038146.712762
1746038146.7177763
1746038146.7190607
1746038146.7213202
1746038146.7250416
1746038146.7280827
1746038146.730288
1746038146.7358346
1746038146.7393382
1746038146.7438476
1746038146.7471056
1746038146.75165
1746038146.7542143
1746038146.7587168
1746038146.761718
1746038146.7627208
1746038146.7674742
1746038146.7707329
1746038146.7747467
1746038146.77837
1746038146.7813356
1746038146.7838392
1746038146.7887783
1746038146.791171
1746038146.7936957
1746038146.7988176
1746038146.8017566
1746038146.8049114
1746038146.8108404
1746038146.812924
1746038146.8167439
1746038146.8227007
1746038146.8266423
1746038146.8306022
1746038146.8351817
1746038146.840146
1746038146.8431163
1746038146.8517509
1746038146.8552275
1746038146.859261
1746038146.8647509
1746038146.869066
1746038146.872127
1746038146.8741562
1746038146.8766003
1746038146.8780215
1746038146.88198
1746038146.883981
1746038146.8879523
1746038146.8903902
1746038146.8950157
1746038146.8969908
1746038146.9009826
1746038146.9041054
1746038146.9050953
1746038146.9090445
1746038146.9120011
1746038146.913006
1746038146.9171157
1746038146.9213686
1746038146.9238758
1746038146.9288638
1746038146.9318354
1746038146.936778
1746038146.9398553
1746038146.946015
1746038146.9489872
1746038146.954012
1746038146.958023
1746038146.9620655
1746038146.96604
1746038146.9670267
1746038146.9680104
1746038146.9693682
1746038146.9738467
1746038146.9760256
1746038146.9780068
1746038146.9799955
1746038146.987276
1746038146.992745
1746038146.9977605
1746038147.0019963
1746038147.0049796
1746038147.0090044
1746038147.014975
1746038147.021844
1746038147.0248435
1746038147.0278175
1746038147.0298064
1746038147.032823
1746038147.034806
1746038147.0387542
1746038147.0407238
1746038147.0446954
1746038147.0466752
1746038147.05161
1746038147.0551014
1746038147.0584419
1746038147.0608647
1746038147.0628576
1746038147.0659182
1746038147.0692234
1746038147.0702045
1746038147.0736945
1746038147.0776389
1746038147.0806212
1746038147.0841346
1746038147.0871596
1746038147.0921266
1746038147.0951285
1746038147.0991278
1746038147.1031277
1746038147.1080873
1746038147.1110537
1746038147.1150606
1746038147.119468
1746038147.12144
1746038147.12144
1746038147.1229444
1746038147.1269133
1746038147.1339066
1746038147.1388392
1746038147.1439457
1746038147.1485505
1746038147.1515994
1746038147.1550853
1746038147.1591198
1746038147.16208
1746038147.1650727
1746038147.169996
1746038147.1729722
1746038147.179065
1746038147.1826859
1746038147.1856391
1746038147.1866298
1746038147.1921475
1746038147.1941721
1746038147.1984718
1746038147.199459
1746038147.2039225
1746038147.2059815
1746038147.2102342
1746038147.2131083
1746038147.2164037
1746038147.2195435
1746038147.2205498
1746038147.223713
1746038147.2277238
1746038147.228707
1746038147.2319596
1746038147.2369444
1746038147.2392876
1746038147.2428339
1746038147.2470887
1746038147.2526686
1746038147.2556357
1746038147.2615738
1746038147.266313
1746038147.272804
1746038147.2777758
1746038147.2820282
1746038147.2860568
1746038147.2882729
1746038147.289256
1746038147.290241
1746038147.292747
1746038147.3009639
1746038147.3059173
1746038147.3098695
1746038147.314078
1746038147.3175876
1746038147.320822
1746038147.3251555
1746038147.32727
1746038147.330247
1746038147.3350372
1746038147.3379965
1746038147.3419454
1746038147.3454156
1746038147.3515654
1746038147.3573246
1746038147.3614042
1746038147.3660288
1746038147.3693812
1746038147.3713396
1746038147.377385
1746038147.3803432
1746038147.383809
1746038147.3861732
1746038147.3884606
1746038147.3904572
1746038147.394089
1746038147.396053
1746038147.4003813
1746038147.4013584
1746038147.4079924
1746038147.4099698
1746038147.4127626
1746038147.4162452
1746038147.4172525
1746038147.420371
1746038147.4227157
1746038147.4254816
1746038147.428449
1746038147.4314792
1746038147.4351501
1746038147.4391875
1746038147.4427147
1746038147.447861
1746038147.4510307
1746038147.4562187
1746038147.4591854
1746038147.4638937
1746038147.467148
1746038147.4715042
1746038147.4749963
1746038147.4774694
1746038147.47846
1746038147.4797578
1746038147.4828043
1746038147.489132
1746038147.4947996
1746038147.4992208
1746038147.5027132
1746038147.5056849
1746038147.5096207
1746038147.5131054
1746038147.5161
1746038147.5190737
1746038147.5239446
1746038147.5268936
1746038147.530959
1746038147.5361688
1746038147.5413644
1746038147.5458794
1746038147.5510936
1746038147.5582228
1746038147.5592027
1746038147.5603337
1746038147.563059
1746038147.564061
1746038147.5675418
1746038147.5685275
1746038147.5719516
1746038147.5729556
1746038147.577347
1746038147.5802946
1746038147.5827749
1746038147.5862682
1746038147.588288
1746038147.5943568
1746038147.5973206
1746038147.6006954
1746038147.6070347
1746038147.6110218
1746038147.6130903
1746038147.6154375
1746038147.617804
1746038147.618793
1746038147.6227474
1746038147.6257746
1746038147.626768
1746038147.629021
1746038147.6313658
1746038147.6338658
1746038147.636154
1746038147.640926
1746038147.6429284
1746038147.6460736
1746038147.6500218
1746038147.652949
1746038147.6562853
1746038147.6627169
1746038147.6657882
1746038147.6680028
1746038147.6715546
1746038147.6760147
1746038147.6772544
1746038147.6782408
1746038147.6820552
1746038147.6861172
1746038147.6917822
1746038147.6927853
1746038147.6999912
1746038147.7040424
1746038147.7060175
1746038147.7106404
1746038147.7155995
1746038147.7195373
1746038147.721512
1746038147.725263
1746038147.7275708
1746038147.72955
1746038147.7315178
1746038147.736107
1746038147.7380724
1746038147.7420094
1746038147.744012
1746038147.7491317
1746038147.7511008
1746038147.7550259
1746038147.757979
1746038147.758954
1746038147.762912
1746038147.7659037
1746038147.7683222
1746038147.7726588
1746038147.775753
1746038147.7791317
1746038147.7830918
1746038147.7860618
1746038147.7900264
1746038147.7930036
1746038147.7979949
1746038147.8024151
1746038147.8058822
1746038147.8098314
1746038147.8138027
1746038147.819367
1746038147.820346
1746038147.821323
1746038147.8267858
1746038147.833842
1746038147.837048
1746038147.840356
1746038147.8428469
1746038147.8470354
1746038147.849321
1746038147.8512948
1746038147.854782
1746038147.85872
1746038147.8616893
1746038147.8646865
1746038147.869853
1746038147.872829
1746038147.8777604
1746038147.8837237
1746038147.888971
1746038147.892953
1746038147.893956
1746038147.894962
1746038147.8969276
1746038147.900884
1746038147.9041605
1746038147.9051583
1746038147.9071693
1746038147.9091487
1746038147.911124
1746038147.9146693
1746038147.917835
1746038147.9198034
1746038147.9227607
1746038147.9281042
1746038147.9321306
1746038147.9356287
1746038147.9395907
1746038147.9430678
1746038147.9493382
1746038147.9513092
1746038147.9538167
1746038147.9568026
1746038147.9597616
1746038147.9647677
1746038147.9677587
1746038147.9707284
1746038147.9727147
1746038147.9756715
1746038147.977643
1746038147.9806116
1746038147.98365
1746038147.9875917
1746038147.9895601
1746038147.9940386
1746038147.9960108
1746038147.999971
1746038148.0019672
1746038148.0040374
1746038148.0070024
1746038148.0099618
1746038148.0119321
1746038148.0159094
1746038148.0189245
1746038148.0218809
1746038148.0258667
1746038148.0288482
1746038148.0328128
1746038148.036787
1746038148.0417168
1746038148.0447116
1746038148.0496495
1746038148.0526197
1746038148.0577984
1746038148.0617585
1746038148.0627632
1746038148.0687375
1746038148.0726972
1746038148.0790775
1746038148.0825727
1746038148.0845609
1746038148.0865288
1746038148.0885239
1746038148.091476
1746038148.093984
1746038148.0979247
1746038148.1008887
1746038148.1038852
1746038148.1078866
1746038148.1108747
1746038148.1148422
1746038148.1218593
1746038148.1258318
1746038148.1307719
1746038148.134911
1746038148.1358972
1746038148.1368802
1746038148.1408288
1746038148.1428225
1746038148.1448002
1746038148.146771
1746038148.1497426
1746038148.153717
1746038148.159105
1746038148.1611578
1746038148.164669
1746038148.166664
1746038148.169641
1746038148.1716204
1746038148.1755905
1746038148.1775954
1746038148.1820798
1746038148.1835706
1746038148.1878421
1746038148.1898708
1746038148.1938498
1746038148.1958473
1746038148.1980746
1746038148.2022362
1746038148.204735
1746038148.2067013
1746038148.2096598
1746038148.2138002
1746038148.2167642
1746038148.2208722
1746038148.2239823
1746038148.2289267
1746038148.2319372
1746038148.2369342
1746038148.2399163
1746038148.243878
1746038148.2482336
1746038148.2538006
1746038148.256983
1746038148.2583818
1746038148.259374
1746038148.2657099
1746038148.2719157
1746038148.2762046
1746038148.2801573
1746038148.281148
1746038148.2850597
1746038148.2870305
1746038148.2899864
1746038148.2939513
1746038148.297171
1746038148.3012989
1746038148.3047876
1746038148.3087378
1746038148.3125906
1746038148.3185298
1746038148.3230093
1746038148.3280578
1746038148.3312037
1746038148.3327081
1746038148.334878
1746038148.337835
1746038148.339802
1746038148.3417697
1746038148.3439562
1746038148.347149
1746038148.3481345
1746038148.3526363
1746038148.3579383
1746038148.3614705
1746038148.3640063
1746038148.367324
1746038148.368357
1746038148.3713925
1746038148.372895
1746038148.3763013
1746038148.3787262
1746038148.3829567
1746038148.384976
1746038148.3892827
1746038148.3912544
1746038148.395744
1746038148.397718
1746038148.3987458
1746038148.4027703
1746038148.4047518
1746038148.407117
1746038148.412597
1746038148.4185836
1746038148.4215987
1746038148.4255733
1746038148.4276326
1746038148.431661
1746038148.43561
1746038148.4385417
1746038148.4427636
1746038148.4482913
1746038148.4527647
1746038148.457957
1746038148.4628437
1746038148.4639502
1746038148.4651282
1746038148.4702218
1746038148.4778564
1746038148.4809732
1746038148.4857576
1746038148.4887183
1746038148.4917338
1746038148.493739
1746038148.496971
1746038148.499317
1746038148.5039773
1746038148.506932
1746038148.510008
1746038148.5145702
1746038148.5190008
1746038148.5242739
1746038148.5292659
1746038148.533552
1746038148.537932
1746038148.5389645
1746038148.541014
1746038148.5426974
1746038148.5457985
1746038148.5491319
1746038148.550538
1746038148.5515237
1746038148.553027
1746038148.5560489
1746038148.5592027
1746038148.5627153
1746038148.5648913
1746038148.5679512
1746038148.5726748
1746038148.575642
1746038148.5796654
1746038148.5849934
1746038148.5890107
1746038148.5940695
1746038148.597554
1746038148.5985475
1746038148.600911
1746038148.6048906
1746038148.6079867
1746038148.610946
1746038148.615908
1746038148.6188667
1746038148.6226227
1746038148.6238012
1746038148.62676
1746038148.6287453
1746038148.6327157
1746038148.634698
1746038148.6386395
1746038148.6406157
1746038148.6446037
1746038148.6475554
1746038148.6515627
1746038148.6545517
1746038148.655537
1746038148.659494
1746038148.6614633
1746038148.6639795
1746038148.6679342
1746038148.6718771
1746038148.6748638
1746038148.6788514
1746038148.6818326
1746038148.6868365
1746038148.6888208
1746038148.6933029
1746038148.6972847
1746038148.7012274
1746038148.704723
1746038148.7096443
1746038148.7136111
1746038148.714596
1746038148.7165797
1746038148.7215462
1746038148.7265582
1746038148.728527
1746038148.7336926
1746038148.736715
1746038148.7416446
1746038148.7446485
1746038148.747646
1746038148.7509813
1746038148.7569792
1746038148.7601843
1746038148.7626715
1746038148.7646668
1746038148.7676318
1746038148.7696078
1746038148.773597
1746038148.776559
1746038148.7805161
1746038148.7829993
1746038148.788056
1746038148.790255
1746038149.1086776
1746038149.1109922
1746038149.1127546
1746038149.1168056
1746038149.1187737
1746038149.1207516
1746038149.1247814
1746038149.1287186
1746038149.1310542
1746038149.136508
1746038149.1394758
1746038149.1439478
1746038149.146369
1746038149.1528373
1746038149.1558065
1746038149.1607277
1746038149.163717
1746038149.1696873
1746038149.1736674
1746038149.1746657
1746038149.1756575
1746038149.181645
1746038149.1856427
1746038149.1886048
1746038149.1930966
1746038149.1970642
1746038149.2010782
1746038149.2045653
1746038149.2075245
1746038149.2114782
1746038149.2140486
1746038149.220062
1746038149.2246616
1746038149.2276042
1746038149.2306545
1746038149.232643
1746038149.2357495
1746038149.23772
1746038149.2416599
1746038149.2436671
1746038149.2478778
1746038149.2502046
1746038149.2536306
1746038149.255716
1746038149.2590733
1746038149.2611606
1746038149.263934
1746038149.2673054
1746038149.2702677
1746038149.2712498
1746038149.275745
1746038149.2788136
1746038149.2825854
1746038149.2867916
1746038149.2898698
1746038149.293365
1746038149.297535
1746038149.3017719
1746038149.3058321
1746038149.3100731
1746038149.31356
1746038149.3177662
1746038149.3217928
1746038149.3227968
1746038149.3287778
1746038149.3337495
1746038149.3389068
1746038149.3427696
1746038149.3439019
1746038149.3466835
1746038149.348652
1746038149.3516803
1746038149.3536813
1746038149.356715
1746038149.3607056
1746038149.364035
1746038149.3664007
1746038149.3717635
1746038149.3751833
1746038149.380127
1746038149.3839955
1746038149.3890786
1746038149.3936937
1746038149.3968124
1746038149.3977935
1746038149.399824
1746038149.4017909
1746038149.4047768
1746038149.406949
1746038149.4100494
1746038149.411037
1746038149.4155636
1746038149.4185324
1746038149.4228659
1746038149.4268596
1746038149.4288864
1746038149.4308403
1746038149.433817
1746038149.4357722
1746038149.4390903
1746038149.4411824
1746038149.4453056
1746038149.447369
1746038149.4507785
1746038149.453564
1746038149.4575193
1746038149.460557
1746038149.462538
1746038149.465855
1746038149.4678423
1746038149.4698548
1746038149.4739203
1746038149.4768808
1746038149.4798348
1746038149.4849296
1746038149.4869115
1746038149.4928808
1746038149.4958782
1746038149.5013967
1746038149.5048764
1746038149.5088732
1746038149.5128548
1746038149.517828
1746038149.5207844
1746038149.522728
1746038149.5237658
1746038149.5300143
1746038149.5367973
1746038149.5409145
1746038149.5439117
1746038149.5458848
1746038149.5496757
1746038149.5526462
1746038149.5556026
1746038149.557869
1746038149.5624983
1746038149.5658479
1746038149.5693805
1746038149.5737464
1746038149.577185
1746038149.582724
1746038149.5860436
1746038149.5904076
1746038149.5941696
1746038149.5972357
1746038149.5985324
1746038149.6005616
1746038149.6026876
1746038149.6036842
1746038149.6073818
1746038149.60942
1746038149.610416
1746038149.616265
1746038149.6216187
1746038149.6256485
1746038149.6276224
1746038149.6295881
1746038149.6325955
1746038149.6345892
1746038149.6385295
1746038149.6404965
1746038149.644473
1746038149.6466527
1746038149.6496227
1746038149.652596
1746038149.6555588
1746038149.6585054
1746038149.6594913
1746038149.6634793
1746038149.6664407
1746038149.668695
1746038149.6716478
1746038149.6756165
1746038149.6785834
1746038149.6828654
1746038149.6858513
1746038149.6897857
1746038149.6927626
1746038149.6985767
1746038149.70163
1746038149.705601
1746038149.710082
1746038149.7147412
1746038149.7186897
1746038149.7196755
1746038149.7206664
1746038149.7266145
1746038149.7335784
1746038149.7365563
1746038149.7415497
1746038149.7435508
1746038149.7465425
1746038149.7485118
1746038149.7514553
1746038149.7551212
1746038149.7607276
1746038149.7627704
1746038149.765956
1746038149.771155
1746038149.7746472
1746038149.7795818
1746038149.782622
1746038149.788106
1746038149.792861
1746038149.7953885
1746038149.7973921
1746038149.7983909
1746038149.8003721
1746038149.8013666
1746038149.805819
1746038149.8077736
1746038149.8091643
1746038149.8127637
1746038149.8147707
1746038149.8178816
1746038149.8208828
1746038149.8238697
1746038149.8300874
1746038149.8325744
1746038149.8368862
1746038149.8428223
1746038149.8467817
1746038149.8507307
1746038149.8528404
1746038149.8587875
1746038149.8627493
1746038149.865875
1746038149.8691032
1746038149.8712785
1746038149.8737934
1746038149.875781
1746038149.8797348
1746038149.8817425
1746038149.885979
1746038149.8879442
1746038149.8909373
1746038149.8929217
1746038149.8974109
1746038149.8993788
1746038149.901355
1746038149.9048429
1746038149.9077992
1746038149.9097683
1746038149.9127479
1746038149.9167085
1746038149.9208357
1746038149.9248025
1746038149.927818
1746038149.9318266
1746038149.9348497
1746038149.939847
1746038149.942844
1746038149.946796
1746038149.949802
1746038149.9549422
1746038149.9588563
1746038149.9598336
1746038149.960811
1746038149.9657667
1746038149.9700341
1746038149.9725304
1746038149.9778419
1746038149.9817884
1746038149.9858105
1746038149.990107
1746038149.992599
1746038149.996601
1746038149.9995627
1746038150.00361
1746038150.006571
1746038150.0115104
1746038150.0145178
1746038150.0209496
1746038150.0234337
1746038150.0266235
1746038150.0278451
1746038150.0316548
1746038150.0326574
1746038150.0371494
1746038150.0391307
1746038150.0425951
1746038150.0445995
1746038150.0490003
1746038150.0510776
1746038150.054637
1746038150.0571382
1746038150.0591094
1746038150.0628207
1746038150.0648
1746038150.0668101
1746038150.0702603
1746038150.0747368
1746038150.0780585
1746038150.082708
1746038150.08598
1746038150.0902817
1746038150.0978408
1746038150.1018217
1746038150.1048203
1746038150.1091828
1746038150.1136687
1746038150.1188776
1746038150.1218407
1746038150.1228435
1746038150.1291015
1746038150.131243
1746038150.1358633
1746038150.137981
1746038150.14096
1746038150.1454494
1746038150.1497564
1746038150.1547112
1746038150.157685
1746038150.1638167
1746038150.1669097
1746038150.1704729
1746038150.1714623
1746038150.1744506
1746038150.1764343
1746038150.1808426
1746038150.1828315
1746038150.1868238
1746038150.1888041
1746038150.1928308
1746038150.1960635
1746038150.199065
1746038150.201513
1746038150.203528
1746038150.2079656
1746038150.2099345
1746038150.2127159
1746038150.2156875
1746038150.2200243
1746038150.222784
1746038150.2270389
1746038150.2301202
1746038150.2347515
1746038150.2377498
1746038150.242781
1746038150.2457423
1746038150.251124
1746038150.2559896
1746038150.258958
1746038150.262906
1746038150.263926
1746038150.2694407
1746038150.2714345
1746038150.2754073
1746038150.2784095
1746038150.281724
1746038150.2861578
1746038150.2902184
1746038150.2927146
1746038150.2991118
1746038150.3036609
1746038150.3086157
1746038150.3116076
1746038150.3155763
1746038150.3176136
1746038150.3195827
1746038150.3215551
1746038150.325546
1746038150.327529
1746038150.3324945
1746038150.3354821
1746038150.3386285
1746038150.340598
1746038150.3445823
1746038150.346603
1746038150.3485713
1746038150.3515224
1746038150.354557
1746038150.3566809
1746038150.3596342
1746038150.3626103
1746038150.3666477
1746038150.3696487
1746038150.3726156
1746038150.3806224
1746038150.3846097
1746038150.3895652
1746038150.3950465
1746038150.4013712
1746038150.4059496
1746038150.4110165
1746038150.4155128
1746038150.4194403
1746038150.4236846
1746038150.4256513
1746038150.4276252
1746038150.430602
1746038150.4315915
1746038150.4372056
1746038150.439425
1746038150.4428818
1746038150.4459136
1746038150.4504232
1746038150.4516435
1746038150.4556544
1746038150.4595985
1746038150.461792
1746038150.4647794
1746038150.4679303
1746038150.470002
1746038150.4724956
1746038150.4760182
1746038150.4789774
1746038150.4824686
1746038150.486471
1746038150.4970129
1746038150.5011537
1746038150.5056806
1746038150.5116057
1746038150.518565
1746038150.5225546
1746038150.5284858
1746038150.5334775
1746038150.5364811
1746038150.5414073
1746038150.5443802
1746038150.5486758
1746038150.5496583
1746038150.5535965
1746038150.554576
1746038150.5591576
1746038150.5611115
1746038150.5645819
1746038150.566902
1746038150.571208
1746038150.5737042
1746038150.577108
1746038150.58009
1746038150.5825205
1746038150.5865269
1746038150.5885656
1746038150.5909443
1746038150.5934527
1746038150.59694
1746038150.600072
1746038150.6034935
1746038150.606941
1746038150.6157243
1746038150.6197433
1746038150.626004
1746038150.6309843
1746038150.6374338
1746038150.6417387
1746038150.646721
1746038150.6518683
1746038150.6539938
1746038150.6570163
1746038150.6610198
1746038150.6654966
1746038150.6684625
1746038150.6695907
1746038150.6728415
1746038150.674827
1746038150.6789644
1746038150.6809893
1746038150.6844614
1746038150.686665
1746038150.6900117
1746038150.692495
1746038150.6960182
1746038150.69848
1746038150.7005098
1746038150.7035477
1746038150.7068088
1746038150.7078009
1746038150.7117906
1746038150.715971
1746038150.7189023
1746038150.722622
1746038150.7287927
1746038150.7338483
1746038150.7381854
1746038150.7449563
1746038150.74989
1746038150.7554321
1746038150.7595875
1746038150.7637742
1746038150.7677882
1746038150.7688067
1746038150.7701755
1746038150.7711883
1746038150.774694
1746038150.7798538
1746038150.7828362
1746038150.7858002
1746038150.7881134
1746038150.791458
1746038150.792463
1746038150.7970014
1746038150.7989798
1746038150.8024545
1746038150.8058994
1746038150.8088534
1746038150.8118107
1746038150.815779
1746038150.8177476
1746038150.8197496
1746038150.8237138
1746038150.8266778
1746038150.8276691
1746038150.8306267
1746038150.8355978
1746038150.838549
1746038150.8415284
1746038150.8484366
1746038150.8548572
1746038150.859781
1746038150.864761
1746038150.8707352
1746038150.8757043
1746038150.8796694
1746038150.8826578
1746038150.8866303
1746038150.8905659
1746038150.8925557
1746038150.8935542
1746038150.898037
1746038150.900015
1746038150.9035022
1746038150.9054766
1746038150.909442
1746038150.911419
1746038150.9157004
1746038150.9176674
1746038150.9226956
1746038150.9264178
1746038150.9284184
1746038150.9314077
1746038150.9353943
1746038150.937381
1746038150.9403548
1746038150.9438424
1746038150.9468386
1746038150.9507868
1746038150.9580493
1746038150.964501
1746038150.9705746
1746038150.9755397
1746038150.9807298
1746038150.9867651
1746038150.990714
1746038150.995208
1746038150.9991777
1746038151.0001657
1746038151.0011468
1746038151.0036473
1746038151.006721
1746038151.0086977
1746038151.0117397
1746038151.0166907
1746038151.0186586
1746038151.022596
1746038151.0235891
1746038151.0267305
1746038151.0287035
1746038151.0337718
1746038151.035741
1746038151.0397747
1746038151.04076
1746038151.0447173
1746038151.0466833
1746038151.050814
1746038151.0528057
1746038151.0547802
1746038151.0577486
1746038151.0615396
1746038151.0625443
1746038151.065539
1746038151.0694952
1746038151.0724635
1746038151.0767694
1746038151.0834813
1746038151.089835
1746038151.0953972
1746038151.1007023
1746038151.1056645
1746038151.1106699
1746038151.115043
1746038151.119053
1746038151.1235795
1746038151.124564
1746038151.1267424
1746038151.1277332
1746038151.1326149
1746038151.1350696
1746038151.1370687
1746038151.1416104
1746038151.1436052
1746038151.1456556
1746038151.1476717
1746038151.149717
1746038151.1516976
1746038151.1546774
1746038151.157001
1746038151.1601062
1746038151.1626003
1746038151.1688535
1746038151.1712735
1746038151.1757474
1746038151.1796653
1746038151.1806428
1746038151.182623
1746038151.187558
1746038151.1934593
1746038151.1964307
1746038151.1996899
1746038151.201727
1746038151.2047164
1746038151.2066755
1746038151.211451
1746038151.2124538
1746038151.2169535
1746038151.2190964
1746038151.2224736
1746038151.2249367
1746038151.2290008
1746038151.2310388
1746038151.2366252
1746038151.2435055
1746038151.2460573
1746038151.248034
1746038151.2500825
1746038151.2545962
1746038151.256566
1746038151.260587
1746038151.266918
1746038151.2743528
1746038151.2793329
1746038151.2853582
1746038151.2915123
1746038151.2964978
1746038151.3005755
1746038151.3045685
1746038151.3079813
1746038151.3089952
1746038151.309985
1746038151.311125
1746038151.3146548
1746038151.316086
1746038151.318167
1746038151.3201563
1746038151.322632
1746038151.325007
1746038151.3281198
1746038151.3303156
1746038151.33361
1746038151.3356106
1746038151.338582
1746038151.3409138
1746038151.345389
1746038151.3506742
1746038151.3536613
1746038151.3580468
1746038151.3613765
1746038151.3623807
1746038151.3643806
1746038151.3663483
1746038151.3684788
1746038151.369567
1746038151.3718748
1746038151.3745906
1746038151.3765678
1746038151.3797932
1746038151.3818212
1746038151.385795
1746038151.3907733
1746038151.393361
1746038151.3963637
1746038151.3983378
1746038151.4002972
1746038151.4023726
1746038151.4053516
1746038151.4083433
1746038151.4113233
1746038151.4138472
1746038151.4182148
1746038151.4211755
1746038151.423674
1746038151.4261508
1746038151.4281237
1746038151.4310853
1746038151.434601
1746038151.4366581
1746038151.4396205
1746038151.4435923
1746038151.4466012
1746038151.4505537
1746038151.4565165
1746038151.4634469
1746038151.4694757
1746038151.4754846
1746038151.4794405
1746038151.4846232
1746038151.488938
1746038151.4934216
1746038151.4974005
1746038151.4994009
1746038151.500386
1746038151.5023785
1746038151.5053394
1746038151.507527
1746038151.5104897
1746038151.5155013
1746038151.5184512
1746038151.5217493
1746038151.5237632
1746038151.5267265
1746038151.5287037
1746038151.532665
1746038151.5346444
1746038151.5386548
1746038151.5406265
1746038151.544617
1746038151.547567
1746038151.55152
1746038151.5535314
1746038151.5555162
1746038151.5585184
1746038151.5615134
1746038151.563515
1746038151.5664895
1746038151.5704803
1746038151.5734596
1746038151.5764127
1746038151.5825822
1746038151.5878112
1746038151.5918014
1746038151.5993176
1746038151.6037898
1746038151.6107574
1746038151.6146383
1746038151.6197548
1746038151.6237934
1746038151.624778
1746038151.6257648
1746038151.6277292
1746038151.6316378
1746038151.633638
1746038151.6367521
1746038151.6417239
1746038151.6447396
1746038151.6468785
1746038151.6492963
1746038151.6512613
1746038151.6537673
1746038151.6576993
1746038151.6598976
1746038151.664437
1746038151.6654143
1746038151.6700244
1746038151.672526
1746038151.6767864
1746038151.679734
1746038151.681758
1746038151.685074
1746038151.6880455
1746038151.689035
1746038151.6911228
1746038151.6965961
1746038151.6990063
1746038151.7024703
1746038151.7093809
1746038151.7147899
1746038151.7189834
1746038151.7254739
1746038151.7298884
1746038151.7359698
1746038151.7415419
1746038151.745677
1746038151.7497163
1746038151.7526896
1746038151.7587342
1746038151.7618043
1746038151.764326
1746038151.7663548
1746038151.7697558
1746038151.770736
1746038151.7745273
1746038151.7766747
1746038151.7808204
1746038151.7838025
1746038151.7877457
1746038151.7898521
1746038151.7934237
1746038151.796572
1746038151.7975676
1746038151.800697
1746038151.8043053
1746038151.8062606
1746038151.809192
1746038151.8126686
1746038151.8158722
1746038151.818832
1746038151.8257506
1746038151.8306556
1746038151.8354282
1746038151.8410375
1746038151.8465745
1746038151.8525646
1746038151.858969
1746038151.8638484
1746038151.8692038
1746038151.8739235
1746038151.878532
1746038151.8816023
1746038151.8846698
1746038151.8866572
1746038151.8886874
1746038151.8906548
1746038151.8936355
1746038151.8956254
1746038151.8999693
1746038151.9024518
1746038151.906413
1746038151.908452
1746038151.911407
1746038151.9144566
1746038151.9168196
1746038151.9208245
1746038151.9233317
1746038151.9253159
1746038151.9282916
1746038151.9312613
1746038151.9357383
1746038151.9396915
1746038151.9466205
1746038151.9526472
1746038151.9567783
1746038151.9637523
1746038151.9699986
1746038151.9757624
1746038151.9807587
1746038151.9853778
1746038151.9893496
1746038151.9903603
1746038151.9913452
1746038151.993349
1746038151.9958398
1746038151.9978206
1746038151.9997983
1746038152.0027745
1746038152.0047593
1746038152.0067308
1746038152.0087008
1746038152.0116615
1746038152.0136635
1746038152.0166144
1746038152.022571
1746038152.0255437
1746038152.0275147
1746038152.0294986
1746038152.0325406
1746038152.0345707
1746038152.037534
1746038152.0395298
1746038152.0444915
1746038152.0464737
1746038152.0514145
1746038152.0534136
1746038152.0563848
1746038152.0593414
1746038152.061311
1746038152.0643013
1746038152.0672698
1746038152.0692437
1746038152.0727153
1746038152.0770683
1746038152.0801725
1746038152.0838013
1746038152.0907192
1746038152.0978703
1746038152.1009846
1746038152.1074548
1746038152.1135108
1746038152.120116
1746038152.1238627
1746038152.1278105
1746038152.1325622
1746038152.1347456
1746038152.1357224
1746038152.1366994
1746038152.1400063
1746038152.1409879
1746038152.1436017
1746038152.1470516
1746038152.1481194
1746038152.1510806
1746038152.152585
1746038152.1556387
1746038152.157624
1746038152.1605768
1746038152.1639109
1746038152.1671286
1746038152.1711562
1746038152.1780882
1746038152.1812499
1746038152.1867535
1746038152.1911314
1746038152.1936307
1746038152.1957488
1746038152.1967607
1746038152.2008665
1746038152.203829
1746038152.206042
1746038152.2083037
1746038152.2116718
1746038152.2146754
1746038152.2184203
1746038152.2213638
1746038152.225473
1746038152.2285147
1746038152.2334754
1746038152.2375486
1746038152.241568
1746038152.2447066
1746038152.246742
1746038152.2497144
1746038152.2522814
1746038152.2562313
1746038152.2583764
1746038152.2623386
1746038152.2646348
1746038152.2688098
1746038152.2711198
1746038152.2746222
1746038152.2775884
1746038152.279627
1746038152.2826512
1746038152.2856805
1746038152.2866778
1746038152.290104
1746038152.2935774
1746038152.2966373
1746038152.3023708
1746038152.3109138
1746038152.3165157
1746038152.3232796
1746038152.3286424
1746038152.3336549
1746038152.338941
1746038152.3434527
1746038152.348436
1746038152.3527484
1746038152.3537405
1746038152.3547254
1746038152.355705
1746038152.3598714
1746038152.3643696
1746038152.3676372
1746038152.3706484
1746038152.3716457
1746038152.3746302
1746038152.3766005
1746038152.3797219
1746038152.3826702
1746038152.3866982
1746038152.3887525
1746038152.3927243
1746038152.3955781
1746038152.398589
1746038152.4016094
1746038152.4036133
1746038152.4065628
1746038152.410055
1746038152.4110436
1746038152.4145877
1746038152.418705
1746038152.421666
1746038152.4246664
1746038152.4310315
1746038152.4387462
1746038152.4442096
1746038152.4492695
1746038152.453749
1746038152.8664513
1746038152.8705413
1746038152.875584
1746038152.8800094
1746038152.8809993
1746038152.8825035
1746038152.8835218
1746038152.8877332
1746038152.8887298
1746038152.892427
1746038152.8969796
1746038152.8999388
1746038152.9034483
1746038152.9044282
1746038152.9074311
1746038152.9095223
1746038152.9135182
1746038152.9164507
1746038152.9204202
1746038152.92343
1746038152.9285574
1746038152.9315886
1746038152.9356608
1746038152.9387038
1746038152.9407637
1746038152.943268
1746038152.9472098
1746038152.9482467
1746038152.952245
1746038152.9567947
1746038152.959769
1746038152.9624898
1746038152.9685247
1746038152.9754105
1746038152.9803748
1746038152.98533
1746038152.989338
1746038152.9944847
1746038152.997995
1746038153.0026875
1746038153.0066397
1746038153.0076227
1746038153.008685
1746038153.009675
1746038153.0135336
1746038153.014665
1746038153.0160172
1746038153.0187526
1746038153.0207975
1746038153.0233076
1746038153.025341
1746038153.0273209
1746038153.0305607
1746038153.0326111
1746038153.036869
1746038153.039183
1746038153.0426679
1746038153.0469134
1746038153.0511158
1746038153.0556107
1746038153.0595586
1746038153.060746
1746038153.062241
1746038153.0642607
1746038153.0662506
1746038153.0682364
1746038153.0692246
1746038153.0712018
1746038153.0746841
1746038153.0776393
1746038153.0805871
1746038153.0835726
1746038153.0867507
1746038153.0907066
1746038153.0937417
1746038153.0992131
1746038153.1026971
1746038153.1056712
1746038153.1086204
1746038153.1143851
1746038153.117381
1746038153.121341
1746038153.1223447
1746038153.1255999
1746038153.127563
1746038153.130522
1746038153.1335025
1746038153.1374416
1746038153.1394107
1746038153.1433773
1746038153.145469
1746038153.1504018
1746038153.1523924
1746038153.1543753
1746038153.158446
1746038153.1614165
1746038153.1634178
1746038153.1663783
1746038153.1704092
1746038153.1734076
1746038153.1773639
1746038153.1833346
1746038153.1903598
1746038153.1953135
1746038153.2012658
1746038153.206456
1746038153.2114594
1746038153.2154264
1746038153.2203734
1746038153.225339
1746038153.226324
1746038153.2282984
1746038153.2302523
1746038153.2352164
1746038153.2372854
1746038153.2382698
1746038153.242241
1746038153.2442474
1746038153.2462358
1746038153.2491672
1746038153.2512152
1746038153.2542107
1746038153.2564766
1746038153.2597678
1746038153.263491
1746038153.2658021
1746038153.2722368
1746038153.2752116
1746038153.2791727
1746038153.2836623
1746038153.2846744
1746038153.2866535
1746038153.28863
1746038153.293625
1746038153.2988544
1746038153.3008292
1746038153.3053007
1746038153.3062832
1746038153.3092744
1746038153.3112397
1746038153.3152115
1746038153.3175855
1746038153.322435
1746038153.3246288
1746038153.3285365
1746038153.331468
1746038153.3345566
1746038153.338196
1746038153.340361
1746038153.3434143
1746038153.3454056
1746038153.3473842
1746038153.350351
1746038153.3544364
1746038153.357385
1746038153.3614004
1746038153.3674939
1746038153.3743813
1746038153.380349
1746038153.3873699
1746038153.3924243
1746038153.3989398
1746038153.4025326
1746038153.4075665
1746038153.4115334
1746038153.4125376
1746038153.4135504
1746038153.4145303
1746038153.4185667
1746038153.4205396
1746038153.421531
1746038153.4245183
1746038153.4264967
1746038153.428558
1746038153.4315183
1746038153.4345088
1746038153.4367082
1746038153.4396522
1746038153.442619
1746038153.4445977
1746038153.4485967
1746038153.4545155
1746038153.4576144
1746038153.4605796
1746038153.4645386
1746038153.4665036
1746038153.4684768
1746038153.471425
1746038153.4763892
1746038153.4803226
1746038153.4833038
1746038153.4852743
1746038153.4872415
1746038153.4892864
1746038153.4932604
1746038153.4952419
1746038153.4997268
1746038153.5016918
1746038153.5056925
1746038153.5076587
1746038153.5116858
1746038153.5136929
1746038153.5156643
1746038153.519613
1746038153.5215774
1746038153.5235724
1746038153.526624
1746038153.5305614
1746038153.5345285
1746038153.5376947
1746038153.5446038
1746038153.5515037
1746038153.5574596
1746038153.5623987
1746038153.567332
1746038153.573622
1746038153.5775561
1746038153.5826237
1746038153.5865672
1746038153.5875485
1746038153.5885315
1746038153.5895116
1746038153.5934906
1746038153.5944948
1746038153.5969794
1746038153.5999892
1746038153.600978
1746038153.6034749
1746038153.6064577
1746038153.6084366
1746038153.6114054
1746038153.61341
1746038153.6174066
1746038153.6225593
1746038153.6255374
1746038153.6314
1746038153.6344988
1746038153.6384556
1746038153.641505
1746038153.6425085
1746038153.6448221
1746038153.6468844
1746038153.6489604
1746038153.6510885
1746038153.653753
1746038153.6558473
1746038153.657907
1746038153.6603563
1746038153.6632833
1746038153.6665704
1746038153.6706073
1746038153.6746216
1746038153.6776092
1746038153.68239
1746038153.6854231
1746038153.6885068
1746038153.6904771
1746038153.694221
1746038153.6955512
1746038153.7010512
1746038153.703558
1746038153.7075794
1746038153.7095678
1746038153.7136345
1746038153.7156298
1746038153.7195685
1746038153.7215395
1746038153.7235456
1746038153.7274866
1746038153.7294655
1746038153.7314358
1746038153.7345011
1746038153.738665
1746038153.7416203
1746038153.745619
1746038153.753312
1746038153.7605348
1746038153.7645087
1746038153.7714715
1746038153.7754483
1746038153.7803748
1746038153.7854455
1746038153.7894585
1746038153.7934175
1746038153.7944226
1746038153.7954147
1746038153.7969193
1746038153.800887
1746038153.80339
1746038153.8044546
1746038153.8084
1746038153.8103657
1746038153.812352
1746038153.8143287
1746038153.817287
1746038153.81937
1746038153.8223445
1746038153.8264003
1746038153.8295887
1746038153.8322332
1746038153.8384886
1746038153.8445194
1746038153.8484826
1746038153.8514934
1746038153.8534963
1746038153.8554623
1746038153.857445
1746038153.8594236
1746038153.861588
1746038153.8636017
1746038153.865592
1746038153.869537
1746038153.8725207
1746038153.875522
1746038153.8785028
1746038153.8824687
1746038153.8854728
1746038153.888434
1746038153.8935072
1746038153.895593
1746038153.8990903
1746038153.9010992
1746038153.9036279
1746038153.904703
1746038153.9077117
1746038153.9101577
1746038153.9111447
1746038153.9136848
1746038153.9170473
1746038153.9190173
1746038153.9200053
1746038153.9224942
1746038153.92447
1746038153.9276726
1746038153.929643
1746038153.9336119
1746038153.9365578
1746038153.9405034
1746038153.9435132
1746038153.9464664
1746038153.9504066
1746038153.9536474
1746038153.9547126
1746038153.960277
1746038153.9642465
1746038153.9693644
1746038153.9733267
1746038153.9752924
1746038153.9803922
1746038153.9823804
1746038153.9855592
1746038153.9875405
1746038153.9905484
1746038153.9925528
1746038153.994638
1746038154.000129
1746038154.005323
1746038154.0082827
1746038154.0112398
1746038154.0162172
1746038154.020144
1746038154.0236852
1746038154.027631
1746038154.0315897
1746038154.0355632
1746038154.0414784
1746038154.042481
1746038154.0464623
1746038154.0499291
1746038154.052423
1746038154.0554006
1746038154.060353
1746038154.0633414
1746038154.0663266
1746038154.0693045
1746038154.072339
1746038154.0746756
1746038154.0786788
1746038154.08222
1746038154.0870953
1746038154.0890772
1746038154.0936964
1746038154.0958703
1746038154.0997133
1746038154.102208
1746038154.1041977
1746038154.1071665
1746038154.1112435
1746038154.113244
1746038154.1152139
1746038154.1201618
1746038154.1232047
1746038154.1261787
1746038154.1326253
1746038154.1405463
1746038154.1471398
1746038154.1546218
1746038154.1586132
1746038154.1644938
1746038154.1694293
1746038154.1743395
1746038154.1785355
1746038154.1807199
1746038154.1822243
1746038154.1842182
1746038154.18718
1746038154.189231
1746038154.1902175
1746038154.1942036
1746038154.1961682
1746038154.1986656
1746038154.2006295
1746038154.2036123
1746038154.2055795
1746038154.2086122
1746038154.211543
1746038154.2145162
1746038154.2174482
1746038154.2213566
1746038154.226279
1746038154.2311647
1746038154.2351103
1746038154.2360878
1746038154.2380416
1746038154.2390187
1746038154.240973
1746038154.243466
1746038154.2444434
1746038154.2473748
1746038154.2507122
1746038154.2532294
1746038154.2562444
1746038154.260271
1746038154.2642655
1746038154.2672217
1746038154.270383
1746038154.2744331
1746038154.277759
1746038154.279781
1746038154.2824433
1746038154.2845314
1746038154.285558
1746038154.2894964
1746038154.2904866
1746038154.2925348
1746038154.2945051
1746038154.2974896
1746038154.3006055
1746038154.3025868
1746038154.3045948
1746038154.3076608
1746038154.310634
1746038154.3131897
1746038154.3161464
1746038154.3193953
1746038154.3233745
1746038154.3263638
1746038154.3303168
1746038154.3345578
1746038154.336527
1746038154.3415842
1746038154.3455594
1746038154.3475137
1746038154.35228
1746038154.3562453
1746038154.35968
1746038154.3632593
1746038154.365441
1746038154.3680537
1746038154.3713775
1746038154.374461
1746038154.376423
1746038154.3783772
1746038154.3852568
1746038154.3891647
1746038154.3936179
1746038154.3965504
1746038154.4024787
1746038154.4054272
1746038154.409336
1746038154.4132838
1746038154.418171
1746038154.4211025
1746038154.4284801
1746038154.4294574
1746038154.4324136
1746038154.436336
1746038154.4392676
1746038154.441222
1746038154.4422245
1746038154.4441886
1746038154.4461434
1746038154.4505877
1746038154.4560623
1746038154.4589934
1746038154.4621322
1746038154.4660966
1746038154.4714658
1746038154.4754515
1746038154.478382
1746038154.4796336
1746038154.482146
1746038154.4835095
1746038154.4866936
1746038154.4888885
1746038154.4923513
1746038154.4947948
1746038154.4978094
1746038154.5012789
1746038154.5032744
1746038154.5071244
1746038154.5091012
1746038154.5110643
1746038154.513561
1746038154.5164824
1746038154.5184479
1746038154.523216
1746038154.5272408
1746038154.5301807
1746038154.5342572
1746038154.5412848
1746038154.547227
1746038154.5531824
1746038154.5581653
1746038154.563513
1746038154.5687327
1746038154.5721927
1746038154.577362
1746038154.578343
1746038154.5805995
1746038154.5816092
1746038154.585111
1746038154.5874093
1746038154.5883975
1746038154.5903704
1746038154.5933497
1746038154.5963526
1746038154.5978558
1746038154.6008933
1746038154.6033888
1746038154.6066082
1746038154.6089985
1746038154.612469
1746038154.6146545
1746038154.6199908
1746038154.6225414
1746038154.6276078
1746038154.6317613
1746038154.633276
1746038154.6352587
1746038154.6372278
1746038154.6400821
1746038154.6425834
1746038154.643615
1746038154.6456645
1746038154.6497192
1746038154.652214
1746038154.6553245
1746038154.6583283
1746038154.6624267
1746038154.66458
1746038154.6677356
1746038154.672211
1746038154.6757755
1746038154.6779664
1746038154.6812928
1746038154.682297
1746038154.6842744
1746038154.6882486
1746038154.6893
1746038154.691439
1746038154.6934338
1746038154.6979399
1746038154.700171
1746038154.701224
1746038154.703225
1746038154.706243
1746038154.708197
1746038154.7113507
1746038154.71536
1746038154.718541
1746038154.7222369
1746038154.7252357
1746038154.7282073
1746038154.7313762
1746038154.7346017
1746038154.7358363
1746038154.7397897
1746038154.7433164
1746038154.7482479
1746038154.7522504
1746038154.7543392
1746038154.7582865
1746038154.7603528
1746038154.762341
1746038154.7653677
1746038154.7673419
1746038154.7696857
1746038154.7721815
1746038154.7772992
1746038154.781547
1746038154.7851076
1746038154.789065
1746038154.793555
1746038154.7977622
1746038154.8025784
1746038154.8065434
1746038154.8106542
1746038154.815128
1746038154.8240821
1746038154.8260376
1746038154.8289688
1746038154.8324268
1746038154.8353775
1746038154.8373315
1746038154.8383086
1746038154.8392856
1746038154.8422427
1746038154.8451858
1746038154.850071
1746038154.8535435
1746038154.8564754
1746038154.85843
1746038154.862488
1746038154.8665116
1746038154.870085
1746038154.8754334
1746038154.8788636
1746038154.8833413
1746038154.887315
1746038154.8912866
1746038154.8963647
1746038154.9011092
1746038154.906244
1746038154.9102256
1746038154.9122183
1746038154.913218
1746038154.916171
1746038154.9205577
1746038154.9235272
1746038154.9264593
1746038154.9313447
1746038154.9362679
1746038154.9382226
1746038154.9431515
1746038154.9451056
1746038154.9470599
1746038154.9490142
1746038154.952473
1746038154.956402
1746038154.9603102
1746038154.9612875
1746038154.9691415
1746038154.9710963
1746038154.9740658
1746038154.9779744
1746038154.980906
1746038154.9853528
1746038154.988284
1746038154.9932046
1746038154.9951594
1746038155.0010607
1746038155.0074625
1746038155.011371
1746038155.0143378
1746038155.0194075
1746038155.0242078
1746038155.029586
1746038155.0324428
1746038155.0382872
1746038155.0394762
1746038155.042179
1746038155.0444324
1746038155.0467763
1746038155.0488324
1746038155.050817
1746038155.0552835
1746038155.056264
1746038155.0592613
1746038155.0622256
1746038155.0663986
1746038155.0696115
1746038155.0725718
1746038155.0758424
1746038155.085091
1746038155.0943525
1746038155.0992498
1746038155.1034617
1746038155.1086473
1746038155.113134
1746038155.115089
1746038155.1189973
1746038155.122455
1746038155.127365
1746038155.1322763
1746038155.1391342
1746038155.143078
1746038155.1450331
1746038155.1469874
1746038155.1489418
1746038155.1508965
1746038155.1553454
1746038155.1563227
1746038155.1592534
1746038155.1622105
1746038155.1631994
1746038155.1661317
1746038155.168086
1746038155.1725209
1746038155.1754692
1746038155.1784005
1746038155.1803548
1746038155.1813316
1746038155.1853738
1746038155.1885762
1746038155.191663
1746038155.1944528
1746038155.201164
1746038155.2053642
1746038155.212298
1746038155.2171946
1746038155.2211025
1746038155.2250473
1746038155.228956
1746038155.2343805
1746038155.2386456
1746038155.245094
1746038155.2462037
1746038155.2486298
1746038155.2496192
1746038155.255341
1746038155.2602775
1746038155.2633386
1746038155.2696657
1746038155.2733095
1746038155.2776089
1746038155.2823188
1746038155.2864997
1746038155.2923303
1746038155.29633
1746038155.297322
1746038155.2993262
1746038155.305061
1746038155.3123915
1746038155.3133867
1746038155.3163493
1746038155.3222919
1746038155.3246386
1746038155.3266184
1746038155.328621
1746038155.3332603
1746038155.3342395
1746038155.338518
1746038155.3409512
1746038155.3435028
1746038155.3484564
1746038155.3507917
1746038155.3556314
1746038155.3634837
1746038155.3674276
1746038155.3744228
1746038155.377354
1746038155.3822649
1746038155.3863993
1746038155.3922882
1746038155.3975263
1746038155.4030702
1746038155.4072914
1746038155.4122553
1746038155.4201534
1746038155.4211364
1746038155.4241366
1746038155.4251215
1746038155.427114
1746038155.431047
1746038155.4345284
1746038155.4364939
1746038155.4374783
1746038155.451349
1746038155.4602492
1746038155.468158
1746038155.4711204
1746038155.4740996
1746038155.4771278
1746038155.4810627
1746038155.4850316
1746038155.4879873
1746038155.4922318
1746038155.4961739
1746038155.5006466
1746038155.5051098
1746038155.5154889
1746038155.5213773
1746038155.5266616
1746038155.5332758
1746038155.5373209
1746038155.542325
1746038155.5482626
1746038155.5542054
1746038155.5571792
1746038155.558188
1746038155.5641236
1746038155.5690103
1746038155.5744348
1746038155.5773666
1746038155.581275
1746038155.585222
1746038155.5871758
1746038155.5901074
1746038155.592087
1746038155.5950286
1746038155.5999548
1746038155.603425
1746038155.6053796
1746038155.6102655
1746038155.6132348
1746038155.6190987
1746038155.6220548
1746038155.6298845
1746038155.6343322
1746038155.6392183
1746038155.6431656
1746038155.6460981
1746038155.650984
1746038155.6554334
1746038155.663335
1746038155.667434
1746038155.674607
1746038155.6808662
1746038155.685785
1746038155.688778
1746038155.694398
1746038155.697389
1746038155.7009473
1746038155.702451
1746038155.706533
1746038155.70751
1746038155.712366
1746038155.7146785
1746038155.7185872
1746038155.7205415
1746038155.7254934
1746038155.72655
1746038155.730916
1746038155.7334769
1746038155.735541
1746038155.738827
1746038155.7407947
1746038155.743295
1746038155.745416
1746038155.7499158
1746038155.7520845
1746038155.7561002
1746038155.7634642
1746038155.77224
1746038155.7768643
1746038155.7833323
1746038155.786563
1746038155.7921743
1746038155.7961
1746038155.8000467
1746038155.804494
1746038155.805471
1746038155.8064482
1746038155.8084025
1746038155.8113341
1746038155.8133252
1746038155.8143027
1746038155.818211
1746038155.8201654
1746038155.822145
1746038155.824109
1746038155.827041
1746038155.8289952
1746038155.8309498
1746038155.8344223
1746038155.8373544
1746038155.8402863
1746038155.8452096
1746038155.8500955
1746038155.8540432
1746038155.856975
1746038155.8589294
1746038155.8608837
1746038155.862386
1746038155.8643553
1746038155.8676753
1746038155.8696456
1746038155.8706381
1746038155.8751092
1746038155.8780966
1746038155.8801067
1746038155.883109
1746038155.8884006
1746038155.8932567
1746038155.8961904
1746038155.9012463
1746038155.9072742
1746038155.912391
1746038155.916961
1746038155.919135
1746038155.9205973
1746038155.9256597
1746038155.928494
1746038155.9307292
1746038155.933225
1746038155.9372787
1746038155.9392326
1746038155.9402099
1746038155.9421892
1746038155.9441574
1746038155.9470894
1746038155.9490438
1746038155.9537144
1746038155.956886
1746038155.960834
1746038155.9653237
1746038155.9682758
1746038155.97246
1746038155.974587
1746038155.9755664
1746038155.9808156
1746038155.9847887
1746038155.991047
1746038155.9955826
1746038155.9975586
1746038156.0011985
1746038156.0031993
1746038156.0058692
1746038156.0080512
1746038156.0111122
1746038156.0131166
1746038156.0158198
1746038156.0211656
1746038156.0251427
1746038156.0280952
1746038156.0313003
1746038156.036336
1746038156.0396144
1746038156.0431042
1746038156.047155
1746038156.0510638
1746038156.0550106
1746038156.0608737
1746038156.062376
1746038156.0662947
1746038156.069226
1746038156.0721824
1746038156.0741458
1746038156.0751233
1746038156.0770779
1746038156.0790317
1746038156.0809863
1746038156.0854895
1746038156.0904064
1746038156.0933824
1746038156.096337
1746038156.0993135
1746038156.10435
1746038156.1082582
1746038156.1141646
1746038156.1182742
1746038156.1225026
1746038156.1274858
1746038156.1321776
1746038156.1363938
1746038156.1405854
1746038156.1460347
1746038156.150944
1746038156.1524477
1746038156.153439
1746038156.1563823
1746038156.1603403
1746038156.1633208
1746038156.1652846
1746038156.1711729
1746038156.177249
1746038156.1782317
1746038156.1841629
1746038156.1863658
1746038156.1873484
1746038156.189402
1746038156.1913908
1746038156.1953578
1746038156.197321
1746038156.1993108
1746038156.2071788
1746038156.2091324
1746038156.2120898
1746038156.2151954
1746038156.2182658
1746038156.2236066
1746038156.2266388
1746038156.2300682
1746038156.2320607
1746038156.2350178
1746038156.2371712
1746038156.2425065
1746038156.2455084
1746038156.2494166
1746038156.2513716
1746038156.2543397
1746038156.2572715
1746038156.261217
1746038156.2641857
1746038156.2661412
1746038156.2693295
1746038156.2723706
1746038156.2736385
1746038156.2766106
1746038156.280648
1746038156.2841327
1746038156.2881868
1746038156.2953897
1746038156.303028
1746038156.307992
1746038156.31422
1746038156.3201613
1746038156.3251832
1746038156.3281708
1746038156.333095
1746038156.3374999
1746038156.3384998
1746038156.3384998
1746038156.3404756
1746038156.3460002
1746038156.3469782
1746038156.3489323
1746038156.3521514
1746038156.3552008
1746038156.357206
1746038156.3601537
1746038156.3621411
1746038156.3651302
1746038156.3681085
1746038156.371084
1746038156.3740776
1746038156.3770363
1746038156.3813071
1746038156.3872597
1746038156.3912024
1746038156.3941977
1746038156.3961673
1746038156.398151
1746038156.399655
1746038156.4021556
1746038156.4041362
1746038156.4051218
1746038156.4070933
1746038156.4110901
1746038156.4140863
1746038156.4170618
1746038156.4199927
1746038156.4244487
1746038156.4278078
1746038156.4309578
1746038156.4374633
1746038156.439478
1746038156.4432352
1746038156.4452004
1746038156.4475179
1746038156.4485002
1746038156.4534554
1746038156.4554863
1746038156.4567978
1746038156.4589112
1746038156.462149
1746038156.464177
1746038156.466149
1746038156.4692247
1746038156.472404
1746038156.4746273
1746038156.4775918
1746038156.4820619
1746038156.4851315
1746038156.4891055
1746038156.4920926
1746038156.495308
1746038156.4982808
1746038156.4997854
1746038156.5007956
1746038156.5052803
1746038156.5098011
1746038156.514268
1746038156.5185077
1746038156.519634
1746038156.524576
1746038156.5265484
1746038156.5289822
1746038156.5309591
1746038156.5344524
1746038156.5364294
1746038156.538407
1746038156.544332
1746038156.5483694
1746038156.551342
1746038156.5553253
1746038156.5592487
1746038156.5623672
1746038156.5673387
1746038156.5703094
1746038156.5742917
1746038156.5792606
1746038156.5874987
1746038156.58893
1746038156.5924048
1746038156.5963712
1746038156.5983486
1746038156.600991
1746038156.600991
1746038156.6034925
1746038156.6054606
1746038156.6084218
1746038156.6134174
1746038156.6163845
1746038156.619343
1746038156.622338
1746038156.6253161
1746038156.6297455
1746038156.633231
1746038156.6381683
1746038156.6431339
1746038156.6470857
1746038156.6511507
1746038156.6561418
1746038156.660077
1746038156.664074
1746038156.670085
1746038156.6750536
1746038156.6770291
1746038156.6780117
1746038156.6801286
1746038156.684438
1746038156.687415
1746038156.6903696
1746038156.6967325
1746038156.7021928
1746038156.7042017
1746038156.7081623
1746038156.7101562
1746038156.7122092
1746038156.7152503
1746038156.7172205
1746038156.7221673
1746038156.7251406
1746038156.7261238
1746038156.7332416
1746038156.7352715
1746038156.7392087
1746038156.742242
1746038156.7451887
1746038156.749379
1746038156.7533364
1746038156.7582688
1746038156.7612276
1746038156.7662048
1746038156.772373
1746038156.7776606
1746038156.7806234
1746038156.784123
1746038156.7870803
1746038156.7920423
1746038156.7942548
1746038156.7982016
1746038156.7997067
1746038156.8022106
1746038156.80431
1746038156.8063028
1746038156.809264
1746038156.811232
1746038156.8152027
1746038156.8161852
1746038156.8191493
1746038156.8211212
1746038156.8260877
1746038156.829045
1746038156.8320255
1746038156.8359983
1746038156.8460462
1746038156.8534298
1746038156.8573391
1746038156.8612475
1746038156.8673027
1746038156.8703117
1746038156.8722978
1746038156.8753116
1746038156.8793998
1746038156.8823829
1746038156.8856862
1746038156.89302
1746038156.8970368
1746038156.899519
1746038156.9007897
1746038156.9007897
1746038156.9032936
1746038156.9043305
1746038156.9084778
1746038156.9124496
1746038156.9154167
1746038156.9163985
1746038156.919358
1746038156.921338
1746038156.9253197
1746038156.9303021
1746038156.9323494
1746038156.9344919
1746038156.936529
1746038156.9385118
1746038156.9430964
1746038156.945127
1746038156.9481022
1746038156.9560418
1746038156.960013
1746038156.9687247
1746038156.972425
1746038156.9766524
1746038156.9820917
1746038156.9866667
1746038156.9920778
1746038156.9969854
1746038157.0044513
1746038157.005432
1746038157.0074
1746038157.0103781
1746038157.015338
1746038157.0196183
1746038157.0270534
1746038157.0300176
1746038157.035033
1746038157.0409155
1746038157.0471003
1746038157.0530367
1746038157.0559938
1746038157.060975
1746038157.061979
1746038157.0679238
1746038157.0709145
1746038157.075397
1746038157.0784383
1746038157.080446
1746038157.087816
1746038157.0898027
1746038157.0907872
1746038157.0963068
1746038157.098406
1746038157.1004038
1746038157.1032977
1746038157.105263
1746038157.1092181
1746038157.1120732
1746038157.115361
1746038157.1232815
1746038157.1262639
1746038157.13432
1746038157.1372821
1746038157.143227
1746038157.1463885
1746038157.1504471
1746038157.1563892
1746038157.1603317
1746038157.1643164
1746038157.167602
1746038157.1760187
1746038157.180987
1746038157.1849692
1746038157.1861413
1746038157.1874595
1746038157.1894238
1746038157.1940053
1746038157.1959991
1746038157.1969762
1746038157.2074366
1746038157.218366
1746038157.2273152
1746038157.2303727
1746038157.2333763
1746038157.235428
1746038157.2385197
1746038157.2419937
1746038157.2449589
1746038157.25029
1746038157.257315
1746038157.2612233
1746038157.270058
1746038157.2731628
1746038157.2869823
1746038157.2944138
1746038157.29842
1746038157.3043888
1746038157.3119757
1746038157.3210053
1746038157.3283544
1746038157.3359413
1746038157.3380759
1746038157.3401635
1746038157.347117
1746038157.3521595
1746038157.3598056
1746038157.362421
1746038157.3663442
1746038157.369547
1746038157.3744295
1746038157.3783681
1746038157.3823543
1746038157.3894353
1746038157.3935556
1746038157.3956096
1746038157.3986847
1746038157.4006817
1746038157.4034739
1746038157.4066656
1746038157.4086843
1746038157.413089
1746038157.4151065
1746038157.4191604
1746038157.4219806
1746038157.4256063
1746038157.4276228
1746038157.4296234
1746038157.4344552
1746038157.4364364
1746038157.4386733
1746038157.4406424
1746038157.4451132
1746038157.4480834
1746038157.4521112
1746038157.4590108
1746038157.4659548
1746038157.4709148
1746038157.476855
1746038157.4808438
1746038157.4877293
1746038157.494188
1746038157.4982314
1746038157.5032184
1746038157.504196
1746038157.5051737
1746038157.5071287
1746038157.5100596
1746038157.512039
1746038157.5130298
1746038157.5169392
1746038157.5188932
1746038157.5221775
1746038157.5242767
1746038157.5262547
1746038157.5283773
1746038157.53136
1746038157.5343676
1746038157.5373206
1746038157.5407012
1746038157.5451941
1746038157.5491552
1746038157.5531147
1746038157.5570235
1746038157.5580006
1746038157.559955
1746038157.5619347
1746038157.563902
1746038157.565857
1746038157.5668342
1746038157.5687883
1746038157.572245
1746038157.5751877
1746038157.577142
1746038157.5810807
1746038157.5840914
1746038157.5870883
1746038157.591042
1746038157.595025
1746038157.5979805
1746038157.6010158
1746038157.604007
1746038157.605981
1746038157.6069655
1746038157.6109114
1746038157.6119153
1746038157.6139085
1746038157.614899
1746038157.617866
1746038157.6198359
1746038157.620819
1746038157.6233177
1746038157.6262884
1746038157.628271
1746038157.631238
1746038157.635372
1746038157.6395855
1746038157.6442027
1746038157.646198
1746038157.649197
1746038157.6521719
1746038157.6551728
1746038157.656161
1746038157.6601145
1746038157.6640842
1746038157.6680307
1746038157.6720123
1746038157.67401
1746038157.677952
1746038157.6809187
1746038157.683947
1746038157.685924
1746038157.6898415
1746038157.692037
1746038157.6950712
1746038157.7010374
1746038157.7055166
1746038157.7095058
1746038157.7130642
1746038157.7180147
1746038157.720986
1746038157.7259414
1746038157.728894
1746038157.73337
1746038157.7365956
1746038157.743094
1746038157.7450688
1746038157.7482934
1746038157.7523098
1746038157.756383
1746038157.7583613
1746038157.759345
1746038157.7613149
1746038157.763327
1746038157.7663093
1746038157.7708335
1746038157.7743227
1746038157.7773051
1746038157.7803006
1746038157.7842674
1746038157.7872276
1746038157.7911818
1746038157.7961948
1746038157.8011527
1746038157.80516
1746038157.8091776
1746038157.815275
1746038157.8196306
1746038157.8241677
1746038157.8300772
1746038157.8352485
1746038157.8362248
1746038157.8372018
1746038157.8401334
1746038157.8450868
1746038157.8474908
1746038157.8510182
1746038157.855986
1746038157.8599923
1746038157.8619792
1746038157.866076
1746038157.8680305
1746038157.8703632
1746038157.8723543
1746038157.8759122
1746038157.8799083
1746038157.8818882
1746038157.8844864
1746038157.8907478
1746038157.8942285
1746038157.8973532
1746038157.9003487
1746038157.9033704
1746038157.9086702
1746038157.9121358
1746038157.9173207
1746038157.9203
1746038157.927228
1746038157.933245
1746038157.9371934
1746038157.941216
1746038157.9451907
1746038157.9482207
1746038157.952186
1746038157.9562595
1746038157.9592278
1746038157.9602118
1746038157.962201
1746038157.9641848
1746038157.9661546
1746038157.9691107
1746038157.9710848
1746038157.974082
1746038157.976049
1746038157.9790032
1746038157.9809833
1746038157.9849477
1746038157.9889007
1746038157.9921062
1746038157.996052
1746038158.0030513
1746038158.0099425
1746038158.0149148
1746038158.0188591
1746038158.0233297
1746038158.0272737
1746038158.0282555
1746038158.032219
1746038158.0361881
1746038158.0391693
1746038158.0431447
1746038158.0500774
1746038158.0549026
1746038158.0563152
1746038158.0583038
1746038158.059643
1746038158.06075
1746038158.0633461
1746038158.066935
1746038158.0713766
1746038158.073024
1746038158.0751863
1746038158.07774
1746038158.0797555
1746038158.08405
1746038158.0879917
1746038158.089972
1746038158.0919578
1746038158.0939555
1746038158.0959353
1746038158.100392
1746038158.1029108
1746038158.1058648
1746038158.1133313
1746038158.1186926
1746038158.1261954
1746038158.131108
1746038158.1350589
1746038158.140018
1746038158.1439927
1746038158.147947
1746038158.1519277
1746038158.1581059
1746038158.1601655
1746038158.1631613
1746038158.165136
1746038158.1700828
1746038158.1730914
1746038158.1770442
1746038158.183101
1746038158.1860638
1746038158.1909888
1746038158.1949565
1746038158.1989148
1746038158.203931
1746038158.2088597
1746038158.2098424
1746038158.21083
1746038158.2162907
1746038158.2232337
1746038158.2252016
1746038158.227307
1746038158.2348926
1746038158.2368937
1746038158.238863
1746038158.2408373
1746038158.2458375
1746038158.2468224
1746038158.2497842
1746038158.2522771
1746038158.2552557
1746038158.2604532
1746038158.262954
1746038158.2679214
1746038158.2748828
1746038158.2778995
1746038158.2838802
1746038158.2878308
1746038158.2918615
1746038158.2958176
1746038158.3003173
1746038158.3061223
1746038158.3112907
1746038158.3142948
1746038158.3195195
1746038158.3271582
1746038158.3281355
1746038158.3311994
1746038158.3322022
1746038158.334274
1746038158.3372338
1746038158.3406022
1746038158.3421044
1746038158.3441174
1746038158.3570163
1746038158.3664064
1746038158.3751824
1746038158.377151
1746038158.3801136
1746038158.3831131
1746038158.3870623
1746038158.3910043
1746038158.3940253
1746038158.397971
1746038158.4029832
1746038158.4079118
1746038158.4119298
1746038158.4228365
1746038158.4277682
1746038158.4322243
1746038158.4382296
1746038158.4431818
1746038158.4481187
1746038158.4540732
1746038158.4601212
1746038158.4621737
1746038158.4641562
1746038158.4718304
1746038158.4767814
1746038158.482207
1746038158.485175
1746038158.4891233
1746038158.4910917
1746038158.4940822
1746038158.4970505
1746038158.4990335
1746038158.5020657
1746038158.507012
1746038158.5109584
1746038158.5129592
1746038158.517909
1746038158.5198796
1746038158.5258658
1746038158.5288494
1746038158.5361092
1746038158.541033
1746038158.54502
1746038158.5499477
1746038158.5519347
1746038158.555893
1746038158.5608296
1746038158.5678194
1746038158.572281
1746038158.5782917
1746038158.583255
1746038158.588201
1746038158.5942233
1746038158.599171
1746038158.604183
1746038158.6170764
1746038158.6240587
1746038158.6270144
1746038158.6279995
1746038158.6309621
1746038158.6339612
1746038158.6388898
1746038158.64187
1746038158.6448517
1746038158.6478105
1746038158.6529427
1746038158.6608214
1746038158.6628265
1746038158.6658573
1746038158.6697989
1746038158.672292
1746038158.6772554
1746038158.6812248
1746038158.6852887
1746038158.6903121
1746038158.6932986
1746038158.704029
1746038158.710185
1746038158.7152674
1746038158.720333
1746038158.7277782
1746038158.7341506
1746038158.7382095
1746038158.748099
1746038158.7531703
1746038158.75908
1746038158.7652566
1746038158.772255
1746038158.778204
1746038158.7841504
1746038158.7930305
1746038158.7950628
1746038158.7970464
1746038158.7985184
1746038158.8030434
1746038158.8079622
1746038158.8109195
1746038158.814193
1746038158.825168
1746038158.8372185
1746038158.8411689
1746038158.847139
1746038158.8511667
1746038158.8570826
1746038158.8622906
1746038158.8663514
1746038158.8728333
1746038158.8767428
1746038158.8806512
1746038158.8903854
1746038158.8978124
1746038158.9033227
1746038158.909554
1746038158.9140756
1746038158.9190316
1746038158.9231408
1746038158.934022
1746038158.9391093
1746038158.9460723
1746038158.9520354
1746038158.9594686
1746038158.9629428
1746038158.9708145
1746038158.97387
1746038158.977887
1746038158.9812348
1746038158.9845247
1746038158.986714
1746038158.9929464
1746038158.99498
1746038158.9995356
1746038159.002035
1746038159.0070283
1746038159.0080059
1746038159.011875
1746038159.0151436
1746038159.017176
1746038159.0201347
1746038159.0233357
1746038159.0243237
1746038159.0274427
1746038159.0318887
1746038159.034896
1746038159.0388532
1746038159.046033
1746038159.0539634
1746038159.059161
1746038159.0655148
1746038159.0707805
1746038159.0763571
1746038159.0802658
1746038159.0851915
1746038159.0891
1746038159.0910554
1746038159.092058
1746038159.0930483
1746038159.0971947
1746038159.098198
1746038159.1001825
1746038159.1031954
1746038159.1054566
1746038159.1074307
1746038159.1094046
1746038159.1119053
1746038159.114897
1746038159.1168683
1746038159.1198452
1746038159.123067
1746038159.1260316
1746038159.131031
1746038159.1350873
1746038159.139076
1746038159.1430542
1746038159.1441238
1746038159.1462703
1746038159.1472604
1746038159.1492476
1746038159.151237
1746038159.153238
1746038159.1552114
1746038159.1591632
1746038159.1606004
1746038159.1651363
1746038159.1680686
1746038159.1720026
1746038159.174144
1746038159.1781723
1746038159.1822104
1746038159.1855125
1746038159.1874843
1746038159.1906865
1746038159.192189
1746038159.193197
1746038159.197125
1746038159.1992195
1746038159.2002506
1746038159.2022703
1746038159.2056456
1746038159.2076037
1746038159.2095823
1746038159.2105677
1746038159.2130654
1746038159.2155304
1746038159.218547
1746038159.2220144
1746038159.2250547
1746038159.2300198
1746038159.2330055
1746038159.2359886
1746038159.2393975
1746038159.2420475
1746038159.2432435
1746038159.2480395
1746038159.2518344
1746038159.2565835
1746038159.2598999
1746038159.262893
1746038159.2662725
1746038159.2693815
1746038159.2703688
1746038159.274016
1746038159.2769883
1746038159.2790463
1746038159.2820306
1746038159.2882004
1746038159.2921598
1746038159.2974515
1746038159.301895
1746038159.3078501
1746038159.3118546
1746038159.31581
1746038159.3198323
1746038159.325161
1746038159.3284643
1746038159.3361526
1746038159.337179
1746038159.3402026
1746038159.3445568
1746038159.3466704
1746038159.3486493
1746038159.349631
1746038159.3521178
1746038159.3551757
1746038159.3584998
1746038159.3651388
1746038159.369118
1746038159.3728864
1746038159.3760622
1746038159.380263
1746038159.3837826
1746038159.3867147
1746038159.3927875
1746038159.3960218
1746038159.4002848
1746038159.4047558
1746038159.4096882
1746038159.4131815
1746038159.4183836
1746038159.425319
1746038159.919324
1746038159.9218135
1746038159.9240675
1746038159.9270449
1746038159.9310586
1746038159.9340744
1746038159.9371002
1746038159.9421518
1746038159.947254
1746038159.9492269
1746038159.9537394
1746038159.955939
1746038159.9589076
1746038159.9609237
1746038159.9633465
1746038159.9672873
1746038159.9695277
1746038159.970507
1746038159.978198
1746038159.981539
1746038159.98503
1746038159.9884632
1746038159.9905303
1746038159.9961166
1746038159.9990985
1746038160.003863
1746038160.006826
1746038160.0127368
1746038160.0200653
1746038160.0260348
1746038160.0292294
1746038160.0341299
1746038160.0370991
1746038160.0411258
1746038160.0451121
1746038160.0493672
1746038160.0503592
1746038160.0529554
1746038160.055314
1746038160.0572765
1746038160.060397
1746038160.0619004
1746038160.0658615
1746038160.0668464
1746038160.0709171
1746038160.0739825
1746038160.078652
1746038160.0827127
1746038160.0866222
1746038160.0910928
1746038160.098825
1746038160.1067863
1746038160.1122048
1746038160.1164987
1746038160.120638
1746038160.127172
1746038160.1302364
1746038160.1337252
1746038160.1356952
1746038160.1381073
1746038160.1400738
1746038160.144049
1746038160.146027
1746038160.1510408
1746038160.1541235
1746038160.1603408
1746038160.161844
1746038160.1661568
1746038160.1691148
1746038160.1710784
1746038160.174091
1746038160.176063
1746038160.178276
1746038160.180526
1746038160.1850526
1746038160.1884825
1746038160.1918952
1746038160.1992087
1746038160.2067125
1746038160.2118678
1746038160.2182312
1746038160.2230756
1746038160.228841
1746038160.2318144
1746038160.2372253
1746038160.2405028
1746038160.2433014
1746038160.2445128
1746038160.2456603
1746038160.2497563
1746038160.2517755
1746038160.2517755
1746038160.256324
1746038160.2583919
1746038160.2605858
1746038160.2630825
1746038160.2650511
1746038160.2691867
1746038160.2717953
1746038160.273793
1746038160.277198
1746038160.2802267
1746038160.2848244
1746038160.2898414
1746038160.2939823
1746038160.2979853
1746038160.3003817
1746038160.3018854
1746038160.3039052
1746038160.3061335
1746038160.3085747
1746038160.309693
1746038160.312187
1746038160.31641
1746038160.319359
1746038160.3218868
1746038160.3248627
1746038160.330997
1746038160.3350034
1746038160.3383853
1746038160.3428745
1746038160.3460999
1746038160.348174
1746038160.3519955
1746038160.3531098
1746038160.3555212
1746038160.3585238
1746038160.3604784
1746038160.3629768
1746038160.3642333
1746038160.3677895
1746038160.3697615
1746038160.3708043
1746038160.3728147
1746038160.3749099
1746038160.3773448
1746038160.3808136
1746038160.3849428
1746038160.3880408
1746038160.3938997
1746038160.3978698
1746038160.4008133
1746038160.4038713
1746038160.4058425
1746038160.4078178
1746038160.412147
1746038160.415532
1746038160.41867
1746038160.4240396
1746038160.42605
1746038160.4290273
1746038160.4320633
1746038160.4343715
1746038160.4376695
1746038160.4396973
1746038160.442032
1746038160.4443226
1746038160.4503431
1746038160.4558067
1746038160.4587784
1746038160.4621181
1746038160.4685078
1746038160.4720047
1746038160.477372
1746038160.4803627
1746038160.4838452
1746038160.4893637
1746038160.496814
1746038160.4979048
1746038160.501867
1746038160.5048742
1746038160.5072014
1746038160.5095747
1746038160.5105517
1746038160.5130439
1746038160.515163
1746038160.5188103
1746038160.5237713
1746038160.527038
1746038160.530456
1746038160.533938
1746038160.5372505
1746038160.5418677
1746038160.544834
1746038160.5508294
1746038160.5547895
1746038160.5587606
1746038160.563069
1746038160.5681803
1746038160.572153
1746038160.5770934
1746038160.582838
1746038160.5878437
1746038160.5898962
1746038160.5909731
1746038160.5940027
1746038160.5993142
1746038160.602828
1746038160.6048043
1746038160.610389
1746038160.6161652
1746038160.618125
1746038160.6218626
1746038160.6238546
1746038160.626084
1746038160.6283436
1746038160.6305904
1746038160.6340744
1746038160.6374955
1746038160.6385126
1746038160.6459582
1746038160.648261
1746038160.6517367
1746038160.6547096
1746038160.657658
1746038160.6621754
1746038160.665158
1746038160.6693938
1746038160.6727405
1746038160.6779675
1746038160.6843448
1746038160.6895227
1746038160.6920207
1746038160.6959631
1746038160.69933
1746038160.703798
1746038160.7071962
1746038160.7104695
1746038160.7119737
1746038160.7140617
1746038160.7160766
1746038160.7183867
1746038160.7203617
1746038160.7228584
1746038160.725913
1746038160.7278888
1746038160.729985
1746038160.7329621
1746038160.7371676
1746038160.7402208
1746038160.7436993
1746038160.7476952
1746038160.7549021
1746038160.7618651
1746038160.7670734
1746038160.772021
1746038160.777292
1746038160.7802734
1746038160.7827764
1746038160.7863882
1746038160.789367
1746038160.7938023
1746038160.7967947
1746038160.8049777
1746038160.8082757
1746038160.810603
1746038160.8121061
1746038160.8133783
1746038160.814543
1746038160.815758
1746038160.8201613
1746038160.8239977
1746038160.827441
1746038160.8288975
1746038160.8311048
1746038160.8335235
1746038160.837473
1746038160.8419368
1746038160.8441496
1746038160.8461256
1746038160.848101
1746038160.8520627
1746038160.8550444
1746038160.8574224
1746038160.8651817
1746038160.868647
1746038160.8751612
1746038160.879135
1746038160.88202
1746038160.8859887
1746038160.8902473
1746038160.8947566
1746038160.8991904
1746038160.9039586
1746038160.9098883
1746038160.9127893
1746038160.914744
1746038160.9167476
1746038160.9216664
1746038160.9246588
1746038160.927997
1746038160.933957
1746038160.93841
1746038160.9427304
1746038160.947073
1746038160.9510221
1746038160.955109
1746038160.9590566
1746038160.96008
1746038160.9620764
1746038160.966053
1746038160.9740527
1746038160.9751327
1746038160.9785175
1746038160.9841697
1746038160.986391
1746038160.988374
1746038160.9905095
1746038160.9949672
1746038160.9972749
1746038161.0017369
1746038161.0032544
1746038161.0065064
1746038161.0110185
1746038161.014064
1746038161.018
1746038161.0254295
1746038161.029356
1746038161.0360458
1746038161.0399923
1746038161.0439591
1746038161.0481963
1746038161.0526915
1746038161.0576296
1746038161.0631192
1746038161.0665228
1746038161.070465
1746038161.0789402
1746038161.0801334
1746038161.0830498
1746038161.0841413
1746038161.0855103
1746038161.088752
1746038161.0926638
1746038161.093931
1746038161.0959022
1746038161.1084049
1746038161.1181788
1746038161.127472
1746038161.1304157
1746038161.1340873
1746038161.1364152
1746038161.138852
1746038161.1421297
1746038161.147588
1746038161.1519105
1746038161.156182
1746038161.1601274
1746038161.1647658
1746038161.1757169
1746038161.1807551
1746038161.184741
1746038161.1919115
1746038161.1968439
1746038161.2032957
1746038161.208603
1746038161.215117
1746038161.2180812
1746038161.2191143
1746038161.2249992
1746038161.230126
1746038161.235472
1746038161.2384434
1746038161.2419264
1746038161.2449408
1746038161.2479613
1746038161.2517946
1746038161.25384
1746038161.2568119
1746038161.261885
1746038161.2658472
1746038161.2678113
1746038161.2717845
1746038161.2747507
1746038161.2796633
1746038161.2826443
1746038161.2905228
1746038161.2949839
1746038161.3000484
1746038161.305799
1746038161.3077652
1746038161.3118336
1746038161.3168633
1746038161.323982
1746038161.3290038
1746038161.33517
1746038161.3381412
1746038161.343114
1746038161.3460705
1746038161.349062
1746038161.351029
1746038161.3549962
1746038161.3560314
1746038161.3599906
1746038161.3619838
1746038161.3663201
1746038161.3682964
1746038161.3718426
1746038161.3738263
1746038161.3777773
1746038161.3807435
1746038161.3827481
1746038161.3857024
1746038161.3876839
1746038161.3900714
1746038161.392083
1746038161.3960485
1746038161.3989987
1746038161.401979
1746038161.409423
1746038161.4178553
1746038161.4228206
1746038161.4292498
1746038161.4330993
1746038161.4382863
1746038161.4417436
1746038161.4466846
1746038161.4516313
1746038161.4526248
1746038161.453702
1746038161.45581
1746038161.4587746
1746038161.4607465
1746038161.4617505
1746038161.4656997
1746038161.4676843
1746038161.4696634
1746038161.4726615
1746038161.4746826
1746038161.4776742
1746038161.4806905
1746038161.483693
1746038161.4866512
1746038161.4896064
1746038161.4937897
1746038161.4987295
1746038161.5027428
1746038161.506727
1746038161.507714
1746038161.5096872
1746038161.5116777
1746038161.5136862
1746038161.5156538
1746038161.5176284
1746038161.5196245
1746038161.5231097
1746038161.5250878
1746038161.5284092
1746038161.5303934
1746038161.5349057
1746038161.5378642
1746038161.540829
1746038161.5448735
1746038161.5478418
1746038161.5508835
1746038161.5538907
1746038161.555866
1746038161.5568547
1746038161.5608106
1746038161.5628195
1746038161.5648065
1746038161.5668366
1746038161.5698903
1746038161.571881
1746038161.5729473
1746038161.5749297
1746038161.5778892
1746038161.579858
1746038161.5828433
1746038161.5862298
1746038161.589194
1746038161.5936687
1746038161.5967484
1746038161.5997057
1746038161.6026988
1746038161.60572
1746038161.606703
1746038161.614845
1746038161.616814
1746038161.6198037
1746038161.6237824
1746038161.6247659
1746038161.6288304
1746038161.6308064
1746038161.632811
1746038161.6357875
1746038161.6381218
1746038161.6400926
1746038161.6430893
1746038161.6480417
1746038161.6520479
1746038161.6550138
1746038161.6589646
1746038161.662934
1746038161.6669202
1746038161.67089
1746038161.6748726
1746038161.6788242
1746038161.6827931
1746038161.6888175
1746038161.6898043
1746038161.6928453
1746038161.696815
1746038161.699275
1746038161.700267
1746038161.701772
1746038161.7037752
1746038161.705775
1746038161.7087362
1746038161.713223
1746038161.716197
1746038161.7202723
1746038161.7227683
1746038161.7257438
1746038161.7296956
1746038161.7336776
1746038161.7386277
1746038161.7426677
1746038161.7476141
1746038161.7505598
1746038161.755062
1746038161.7592392
1746038161.764706
1746038161.7687666
1746038161.7727814
1746038161.7762113
1746038161.7771883
1746038161.7805643
1746038161.785032
1746038161.7883947
1746038161.7903693
1746038161.7968366
1746038161.8009722
1746038161.803087
1746038161.8070586
1746038161.809036
1746038161.8120093
1746038161.8130102
1746038161.8159764
1746038161.8199186
1746038161.822893
1746038161.823951
1746038161.8303185
1746038161.8328931
1746038161.8358645
1746038161.839804
1746038161.8418362
1746038161.847191
1746038161.8501558
1746038161.8546305
1746038161.857581
1746038161.8630724
1746038161.8700216
1746038161.8741422
1746038161.8770993
1746038161.8814263
1746038161.8839135
1746038161.8903172
1746038161.8938124
1746038161.896777
1746038161.8977602
1746038161.9009643
1746038161.901969
1746038161.9049568
1746038161.9069226
1746038161.9089231
1746038161.9129374
1746038161.914913
1746038161.9168904
1746038161.9188662
1746038161.9239352
1746038161.9270754
1746038161.9304168
1746038161.934965
1746038161.9418962
1746038161.948158
1746038161.952652
1746038161.9567196
1746038161.9617236
1746038161.9657607
1746038161.9677472
1746038161.9707115
1746038161.975681
1746038161.9786496
1746038161.9826236
1746038161.9895437
1746038161.9940386
1746038161.9960518
1746038161.9973493
1746038161.9994693
1746038162.0006864
1746038162.0016913
1746038162.0051906
1746038162.009147
1746038162.0116327
1746038162.012629
1746038162.015579
1746038162.0175543
1746038162.0220163
1746038162.0259686
1746038162.02833
1746038162.0303073
1746038162.0318115
1746038162.0347955
1746038162.0387497
1746038162.0417225
1746038162.0446959
1746038162.0517218
1746038162.055685
1746038162.0636282
1746038162.0675735
1746038162.0707088
1746038162.075664
1746038162.0786183
1746038162.0843306
1746038162.0872889
1746038162.0934021
1746038162.0955346
1746038162.0975337
1746038162.098536
1746038162.10422
1746038162.1087518
1746038162.1127284
1746038162.1184614
1746038162.122698
1746038162.1276999
1746038162.13209
1746038162.136046
1746038162.1409748
1746038162.14496
1746038162.1459405
1746038162.1479685
1746038162.1529198
1746038162.160113
1746038162.1626225
1746038162.1646073
1746038162.170632
1746038162.1761575
1746038162.1773078
1746038162.1795998
1746038162.1848786
1746038162.187012
1746038162.189984
1746038162.1919835
1746038162.194429
1746038162.1997411
1746038162.2029343
1746038162.2083964
1746038162.2148376
1746038162.2198663
1746038162.2258084
1746038162.2297728
1746038162.2349458
1746038162.238371
1746038162.2428477
1746038162.2481992
1746038162.2526762
1746038162.2576308
1746038162.2630916
1746038162.2690597
1746038162.272033
1746038162.2740114
1746038162.2750025
1746038162.275984
1746038162.2799332
1746038162.2838907
1746038162.2849505
1746038162.2869265
1746038162.2998157
1746038162.3090012
1746038162.3163927
1746038162.3193443
1746038162.3228376
1746038162.324888
1746038162.328857
1746038162.332889
1746038162.3368504
1746038162.3408136
1746038162.3448029
1746038162.349927
1746038162.3539164
1746038162.3650506
1746038162.3701282
1746038162.3736145
1746038162.380534
1746038162.385037
1746038162.3901865
1746038162.395994
1746038162.4017158
1746038162.4027152
1746038162.4052234
1746038162.411652
1746038162.415618
1746038162.420554
1746038162.42403
1746038162.427171
1746038162.4302068
1746038162.4336793
1746038162.4366117
1746038162.438855
1746038162.4412403
1746038162.4489648
1746038162.4499676
1746038162.4539256
1746038162.4570806
1746038162.4592266
1746038162.4647582
1746038162.4677236
1746038162.47468
1746038162.4801252
1746038162.4855726
1746038162.4909093
1746038162.4929092
1746038162.496868
1746038162.500825
1746038162.5092895
1746038162.5128937
1746038162.5198543
1746038162.5238338
1746038162.5282443
1746038162.5347183
1746038162.5396557
1746038162.5446124
1746038162.5569408
1746038162.5659118
1746038162.5680509
1746038162.5690424
1746038162.572018
1746038162.5749953
1746038162.5799372
1746038162.582923
1746038162.5849383
1746038162.5888815
1746038162.592855
1746038162.6002026
1746038162.6027489
1746038162.6072168
1746038162.6102228
1746038162.6127317
1746038162.618819
1746038162.621944
1746038162.626066
1746038162.6311908
1746038162.6347868
1746038162.6427193
1746038162.6486433
1746038162.6526103
1746038162.658646
1746038162.6636043
1746038162.6685593
1746038162.673031
1746038162.683039
1746038162.688129
1746038162.6938586
1746038162.6997905
1746038162.70729
1746038162.7127628
1746038162.719691
1746038162.7296743
1746038162.7316608
1746038162.7346427
1746038162.7356484
1746038162.7399592
1746038162.7446406
1746038162.7466483
1746038162.7495968
1746038162.7605064
1746038162.7699862
1746038162.774961
1746038162.7798884
1746038162.7848463
1746038162.7897763
1746038162.794763
1746038162.7987573
1746038162.8052433
1746038162.8091893
1746038162.8146434
1746038162.824549
1746038162.8304482
1746038162.8353221
1746038162.8427513
1746038162.8447285
1746038162.8506508
1746038162.855832
1746038162.8651655
1746038162.8701665
1746038162.8775926
1746038162.8848975
1746038162.890802
1746038162.8968103
1746038162.9017675
1746038162.9126236
1746038162.91976
1746038162.928877
1746038162.9455688
1746038162.949477
1746038162.9588141
1746038162.960769
1746038162.9686296
1746038162.9788487
1746038162.9852626
1746038162.9883
1746038162.9937327
1746038162.9976418
1746038163.0040793
1746038163.0071418
1746038163.014598
1746038163.0205874
1746038163.0265296
1746038163.0319731
1746038163.037909
1746038163.0428636
1746038163.0487857
1746038163.0576525
1746038163.0606377
1746038163.0636232
1746038163.0685732
1746038163.0725582
1746038163.0804844
1746038163.0859456
1746038163.0919218
1746038163.097844
1746038163.1073208
1746038163.1189384
1746038163.125959
1746038163.1338546
1746038163.1415951
1746038163.151996
1746038163.1585097
1746038163.1659615
1746038163.1709788
1746038163.1739788
1746038163.1739788
1746038163.1769347
1746038163.1779294
1746038163.1799102
1746038163.1838748
1746038163.1848624
1746038163.1874573
1746038163.195961
1746038163.1990628
1746038163.2065723
1746038163.2118669
1746038163.216974
1746038163.2209373
1746038163.2239437
1746038163.2259223
1746038163.2309105
1746038163.2339005
1746038163.236974
1746038163.2440479
1746038163.246024
1746038163.250226
1746038163.2527483
1746038163.2557552
1746038163.2577384
1746038163.2597094
1746038163.2646608
1746038163.2666385
1746038163.2696104
1746038163.276594
1746038163.2939634
1746038163.3037617
1746038163.3097217
1746038163.3125043
1746038163.316458
1746038163.3203902
1746038163.3228977
1746038163.3268912
1746038163.3298547
1746038163.3348048
1746038163.3377655
1746038163.3486683
1746038163.3506389
1746038163.3555725
1746038163.3605747
1746038163.362579
1746038163.3674986
1746038163.3719604
1746038163.375927
1746038163.3789005
1746038163.38287
1746038163.3917556
1746038163.396752
1746038163.3987277
1746038163.403718
1746038163.408686
1746038163.4139364
1746038163.4169033
1746038163.4264576
1746038163.4304042
1746038163.434894
1746038163.4398134
1746038163.4447775
1746038163.4487407
1746038163.4517248
1746038163.460607
1746038163.4645736
1746038163.468878
1746038163.473831
1746038163.4768903
1746038163.4818935
1746038163.4851182
1746038163.488296
1746038163.500191
1746038163.5096362
1746038163.5158346
1746038163.5207772
1746038163.5267231
1746038163.5306718
1746038163.5377226
1746038163.544708
1746038163.549653
1746038163.5516577
1746038163.5616274
1746038163.5665965
1746038163.5695732
1746038163.5727355
1746038163.5786476
1746038163.583701
1746038163.589792
1746038163.592784
1746038163.60274
1746038163.6077557
1746038163.613745
1746038163.6206543
1746038163.6236236
1746038163.6269996
1746038163.6299653
1746038163.6376274
1746038163.6428664
1746038163.6487858
1746038163.6527653
1746038163.6557252
1746038163.6638727
1746038163.6668348
1746038163.6724474
1746038163.6861024
1746038163.6915548
1746038163.6985598
1746038163.7046156
1746038163.7066007
1746038163.7105756
1746038163.7135506
1746038163.717966
1746038163.720084
1746038163.7295358
1746038163.7325244
1746038163.7375102
1746038163.7434506
1746038163.7494366
1746038163.7519455
1746038163.7579415
1746038163.7659395
1746038163.771578
1746038163.7785234
1746038163.782507
1746038163.786458
1746038163.792899
1746038163.796849
1746038163.8028905
1746038163.8078563
1746038163.8170319
1746038163.8338954
1746038163.8403206
1746038163.8437998
1746038163.8479338
1746038163.8514943
1746038163.8524907
1746038163.855458
1746038163.860385
1746038163.8629446
1746038163.8668804
1746038163.8679569
1746038163.869949
1746038163.8749049
1746038163.8758867
1746038163.8788443
1746038163.8857434
1746038163.889733
1746038163.8964164
1746038163.9003742
1746038163.9048526
1746038163.9069028
1746038163.9089096
1746038163.9140434
1746038163.9152856
1746038163.9174485
1746038163.9194489
1746038163.92655
1746038163.92954
1746038163.9345
1746038163.9364777
1746038163.9384444
1746038163.9407854
1746038163.9468005
1746038163.9487762
1746038163.9518042
1746038163.9668353
1746038163.9799767
1746038163.9928215
1746038163.9947765
1746038163.999918
1746038164.0039256
1746038164.0069077
1746038164.0113792
1746038164.0138478
1746038164.0191526
1746038164.0201297
1746038164.023621
1746038164.0246058
1746038164.028634
1746038164.0316074
1746038164.0356104
1746038164.0375855
1746038164.0415487
1746038164.0435789
1746038164.0475256
1746038164.0495126
1746038164.0515056
1746038164.055466
1746038164.0584238
1746038164.0594118
1746038164.0628922
1746038164.0668564
1746038164.069828
1746038164.0738022
1746038164.0797205
1746038164.087686
1746038164.0926464
1746038164.0995555
1746038164.1039643
1746038164.1081984
1746038164.1117826
1746038164.1185844
1746038164.1226165
1746038164.1239166
1746038164.1252367
1746038164.1266098
1746038164.1300824
1746038164.1315856
1746038164.1328685
1746038164.1358993
1746038164.1378748
1746038164.1399014
1746038164.1428902
1746038164.1448677
1746038164.1478417
1746038164.1507938
1746038164.1537902
1746038164.1567488
1746038164.1597116
1746038164.1636922
1746038164.1688755
1746038164.1718495
1746038164.175809
1746038164.177793
1746038164.1797767
1746038164.181766
1746038164.1849744
1746038164.187998
1746038164.1889875
1746038164.1914759
1746038164.1954436
1746038164.1988022
1746038164.2017994
1746038164.204788
1746038164.2088196
1746038164.211831
1746038164.2160087
1746038164.2199976
1746038164.2225006
1746038164.2254553
1746038164.2284617
1746038164.229443
1746038164.2304323
1746038164.2344081
1746038164.2364645
1746038164.2384496
1746038164.2394357
1746038164.2424266
1746038164.244408
1746038164.2463758
1746038164.2483518
1746038164.2503226
1746038164.2528846
1746038164.2558513
1746038164.2598135
1746038164.2628155
1746038164.2668853
1746038164.2698493
1746038164.2728355
1746038164.2758079
1746038164.278768
1746038164.2797508
1746038164.2837179
1746038164.2876933
1746038164.2916577
1746038164.295633
1746038164.2976544
1746038164.301628
1746038164.3036153
1746038164.305613
1746038164.308575
1746038164.311552
1746038164.313536
1746038164.3164892
1746038164.3216827
1746038164.3261378
1746038164.3291008
1746038164.3325837
1746038164.336546
1746038164.3395243
1746038164.3444831
1746038164.34746
1746038164.351451
1746038164.355402
1746038164.3618498
1746038164.362845
1746038164.36582
1746038164.3697639
1746038164.3727822
1746038164.3747368
1746038164.375724
1746038164.3767567
1746038164.3797762
1746038164.3817732
1746038164.3867142
1746038164.3906732
1746038164.3937309
1746038164.396767
1746038164.399727
1746038164.4036953
1746038164.406685
1746038164.4116402
1746038164.415604
1746038164.4197516
1746038164.4247148
1746038164.42866
1746038164.432623
1746038164.4379666
1746038164.443432
1746038164.4473875
1746038164.4493682
1746038164.4503539
1746038164.4539182
1746038164.456924
1746038164.4598832
1746038164.4628956
1746038164.4679894
1746038164.4724736
1746038164.474459
1746038164.4784176
1746038164.480392
1746038164.483395
1746038164.4856315
1746038164.4876246
1746038164.4915855
1746038164.4935727
1746038164.4955454
1746038164.5026197
1746038164.5056074
1746038164.5085764
1746038164.5116658
1746038164.5137703
1746038164.5187194
1746038164.5213933
1746038164.525784
1746038164.5287156
1746038164.5337172
1746038164.539811
1746038164.5437891
1746038164.5478103
1746038164.5517893
1746038164.5547931
1746038164.5588582
1746038164.5618289
1746038164.565841
1746038164.5668535
1746038164.5693657
1746038164.5703552
1746038164.573918
1746038164.575901
1746038164.5778704
1746038164.5818293
1746038164.5828252
1746038164.5857832
1746038164.587747
1746038164.5927227
1746038164.5966725
1746038164.5986457
1746038164.6037207
1746038164.6106572
1746038164.6186433
1746038164.6226044
1746038164.6275394
1746038164.6324923
1746038164.6369972
1746038164.6389656
1746038164.6424632
1746038164.6454232
1746038164.6493893
1746038164.6528857
1746038164.6607726
1746038164.6648183
1746038164.6658
1746038164.667775
1746038164.6687636
1746038164.6707375
1746038164.6717422
1746038164.6757236
1746038164.6796749
1746038164.6826632
1746038164.6836455
1746038164.686648
1746038164.6886165
1746038164.6927881
1746038164.696737
1746038164.699715
1746038164.7017713
1746038164.702767
1746038164.7057707
1746038164.708753
1746038164.7117648
1746038164.7137432
1746038164.7218707
1746038164.7258682
1746038164.7327971
1746038164.738086
1746038164.7415442
1746038164.7464926
1746038164.7504678
1746038164.7554653
1746038164.7594578
1746038164.7653954
1746038164.7673671
1746038164.769423
1746038164.770403
1746038164.776344
1746038164.7802997
1746038164.7847838
1746038164.7907038
1746038164.7936907
1746038164.798628
1746038164.8026164
1746038164.8075924
1746038164.8115795
1746038164.8165295
1746038164.8175132
1746038164.819652
1746038164.8236253
1746038164.831539
1746038164.8335257
1746038164.8366194
1746038164.842756
1746038164.845759
1746038164.8467443
1746038164.8497005
1746038164.853679
1746038164.854666
1746038164.8576307
1746038164.8605952
1746038164.8625994
1746038164.8665442
1746038164.869494
1746038164.873475
1746038164.8803933
1746038164.8853865
1746038164.8918257
1746038164.896843
1746038164.9017897
1746038164.905787
1746038164.9097822
1746038164.9147694
1746038164.9187548
1746038164.9217389
1746038164.9256983
1746038164.9336796
1746038164.9346654
1746038164.9376292
1746038164.9386113
1746038164.9406054
1746038164.9446266
1746038164.9475863
1746038164.949568
1746038164.951555
1746038164.9648066
1746038164.9736998
1746038164.9806201
1746038164.9836047
1746038164.9866636
1746038164.9886372
1746038164.9936144
1746038164.9975548
1746038165.000556
1746038165.003543
1746038165.0080123
1746038165.0125115
1746038165.016461
1746038165.0276453
1746038165.032853
1746038165.0369718
1746038165.042682
1746038165.0465913
1746038165.0515132
1746038165.0569782
1746038165.0634332
1746038165.0654037
1746038165.0674324
1746038165.0733926
1746038165.0784297
1746038165.0843859
1746038165.086363
1746038165.0902767
1746038165.0937836
1746038165.095755
1746038165.0987277
1746038165.1007004
1746038165.103683
1746038165.109139
1746038165.1127214
1746038165.116043
1746038165.1202948
1746038165.122901
1746038165.1291683
1746038165.131663
1746038165.1385825
1746038165.1459026
1746038165.1502209
1746038165.1547315
1746038165.157685
1746038165.1606665
1746038165.1646528
1746038165.171578
1746038165.17652
1746038165.182476
1746038165.1876707
1746038165.1916401
1746038165.2000241
1746038165.2054853
1746038165.211435
1746038165.2243989
1746038165.232829
1746038165.2348099
1746038165.235792
1746038165.2387495
1746038165.2417245
1746038165.2467246
1746038165.2487054
1746038165.2516847
1746038165.2546487
1746038165.259581
1746038165.2675629
1746038165.268603
1746038165.2725768
1746038165.2755363
1746038165.2775035
1746038165.2835095
1746038165.2859023
1746038165.2898965
1746038165.295369
1746038165.2984068
1746038165.307346
1746038165.3128374
1746038165.3170865
1746038165.3235652
1746038165.3284686
1746038165.3337955
1746038165.337769
1746038165.3466656
1746038165.352515
1746038165.357457
1746038165.362432
1746038165.3695488
1746038165.3745112
1746038165.3804312
1746038165.3893805
1746038165.39137
1746038165.3933587
1746038165.3963237
1746038165.400352
1746038165.4043694
1746038165.4073513
1746038165.4096944
1746038165.4196177
1746038165.4307208
1746038165.434719
1746038165.4396555
1746038165.4436433
1746038165.4476037
1746038165.4525356
1746038165.4575179
1746038165.46347
1746038165.46741
1746038165.4723766
1746038165.4828124
1746038165.4888327
1746038165.4928222
1746038165.4997318
1746038165.5017188
1746038165.5082002
1746038165.5126796
1746038165.5226336
1746038165.52857
1746038165.535855
1746038165.5424066
1746038165.5477066
1746038165.552735
1746038165.5586512
1746038165.5685694
1746038165.5745742
1746038165.5824976
1746038165.58944
1746038165.5904214
1746038165.594408
1746038165.595393
1746038165.5973642
1746038165.604398
1746038165.611347
1746038165.6182647
1746038165.6243877
1746038165.6283412
1746038165.631812
1746038165.636186
1746038165.6426444
1746038165.6465983
1746038165.6563628
1746038165.660302
1746038165.666749
1746038165.671701
1746038165.6796386
1746038165.684629
1746038165.686604
1746038165.6915507
1746038165.6965125
1746038165.702461
1746038165.7074244
1746038165.712385
1746038165.7202723
1746038165.7267375
1746038165.7299142
1746038165.737372
1746038165.7492642
1746038165.7606747
1746038165.7675984
1746038165.7765145
1746038165.7844808
1746038165.7937133
1746038165.796668
1746038165.8026109
1746038165.8036063
1746038165.8085618
1746038165.8095405
1746038165.8115568
1746038165.8125548
1746038165.816496
1746038165.8194623
1746038165.8215487
1746038165.829508
1746038165.8324988
1746038165.839697
1746038165.8436763
1746038165.8486254
1746038165.8525934
1746038165.8575096
1746038165.8594797
1746038165.8614724
1746038165.8644555
1746038165.8703675
1746038165.8733501
1746038165.878288
1746038165.8803144
1746038165.8823118
1746038165.8843439
1746038165.8902497
1746038165.891754
1746038165.8948267
1746038165.8968112
1746038165.9107294
1746038165.9224842
1746038165.9324293
1746038165.936621
1746038165.9386125
1746038165.9425776
1746038165.9470062
1746038165.9503205
1746038165.9535518
1746038165.9577048
1746038165.9614918
1746038165.9644532
1746038165.9763236
1746038165.9792838
1746038165.9837744
1746038165.9887407
1746038165.9907107
1746038165.9956625
1746038165.9986258
1746038166.0045729
1746038166.0065732
1746038166.0105045
1746038166.0194468
1746038166.0235002
1746038166.0254743
1746038166.0304182
1746038166.03345
1746038166.0386512
1746038166.0416288
1746038166.0516353
1746038166.0566187
1746038166.0606005
1746038166.0635812
1746038166.0675852
1746038166.0715423
1746038166.074527
1746038166.083466
1746038166.0854776
1746038166.090496
1746038166.0954502
1746038166.099392
1746038166.1043565
1746038166.107845
1746038166.1112976
1746038166.1247418
1746038166.136483
1746038166.141463
1746038166.147358
1746038166.153419
1746038166.1579423
1746038166.163813
1746038166.1702552
1746038166.1752415
1746038166.1772141
1746038166.1801877
1746038166.1906035
1746038166.1955905
1746038166.1985474
1746038166.2044983
1746038166.2114782
1746038166.2164469
1746038166.2194011
1746038166.2223856
1746038166.2342546
1746038166.239472
1746038166.2454112
1746038166.2523892
1746038166.2555003
1746038166.2604961
1746038166.270342
1746038166.2772274
1746038166.2805865
1746038166.287665
1746038166.2896328
1746038166.2975302
1746038166.3027632
1746038166.3082228
1746038166.3246043
1746038166.3295343
1746038166.3385055
1746038166.3414648
1746038166.3434815
1746038166.3464606
1746038166.3484466
1746038166.3535786
1746038166.3556461
1746038166.3645785
1746038166.3675303
1746038166.3724825
1746038166.3764336
1746038166.382431
1746038166.3873832
1746038166.391354
1746038166.3992739
1746038166.4027605
1746038166.407248
1746038166.411704
1746038166.415666
1746038166.4216173
1746038166.4255784
1746038166.4295433
1746038166.4353633
1746038166.4482462
1746038166.4606812
1746038166.4666212
1746038166.4705734
1746038166.4725804
1746038166.4755461
1746038166.477542
1746038166.479531
1746038166.4844787
1746038166.4875062
1746038166.4904675
1746038166.4924715
1746038166.4944587
1746038166.4993937
1746038166.5023856
1746038166.5033815
1746038166.5133357
1746038166.5153282
1746038166.5237095
1746038166.5256755
1746038166.5296202
1746038166.5316136
1746038166.5335948
1746038166.5385582
1746038166.5400221
1746038166.54361
1746038166.5505123
1746038166.5525153
1746038166.558436
1746038166.5594163
1746038166.5614097
1746038166.563423
1746038166.5654252
1746038166.5703893
1746038166.5723922
1746038166.5753639
1746038166.5892084
1746038166.601587
1746038166.6135323
1746038166.6155229
1746038166.6204495
1746038166.6234412
1746038166.6254096
1746038166.6303437
1746038166.6343195
1746038166.6392484
1746038166.6417403
1746038166.6449783
1746038166.6543872
1746038166.6593246
1746038166.661317
1746038166.6663408
1746038166.6712866
1746038166.6752489
1746038166.6782053
1746038166.6886044
1746038166.6925695
1746038166.6985195
1746038166.701494
1746038166.7054627
1746038166.706467
1746038166.7084575
1746038166.715374
1746038166.7163734
1746038166.7203288
1746038166.7233138
1746038166.726287
1746038166.7322571
1746038166.735228
1746038166.7401576
1746038166.7535477
1746038166.7556503
1746038166.7655344
1746038166.7705579
1746038166.7725613
1746038166.778479
1746038166.7794652
1746038166.7844129
1746038166.7873802
1746038166.7993774
1746038166.8026822
1746038166.8107584
1746038166.812256
1746038166.8172996
1746038166.8195467
1746038166.8225303
1746038166.8304064
1746038166.8325489
1746038166.8377101
1746038166.8416846
1746038166.8446496
1746038166.8525724
1746038166.856878
1746038166.8623543
1746038166.8643446
1746038166.8752184
1746038166.884796
1746038166.8867655
1746038166.8917134
1746038166.8966482
1746038166.8986268
1746038166.9005976
1746038166.9035819
1746038166.9135165
1746038166.9174855
1746038166.9243467
1746038166.9293299
1746038166.9343784
1746038166.9403076
1746038166.9433312
1746038166.9462988
1746038166.9562612
1746038166.9602156
1746038166.9700062
1746038166.9725714
1746038166.9785047
1746038166.9824677
1746038166.9854221
1746038166.9933684
1746038166.9983308
1746038167.0033054
1746038167.0053668
1746038167.0123172
1746038167.0162508
1746038167.0172353
1746038167.0192409
1746038167.0202367
1746038167.0222375
1746038167.027165
1746038167.0281475
1746038167.0301251
1746038167.0395598
1746038167.0584836
1746038167.0624578
1746038167.0744388
1746038167.0814025
1746038167.0863519
1746038167.0893147
1746038167.0932913
1746038167.0974607
1746038167.0984526
1746038167.1093512
1746038167.1103356
1746038167.1142972
1746038167.1183012
1746038167.1222672
1746038167.12326
1746038167.1242445
1746038167.1301594
1746038167.1326613
1746038167.1365967
1746038167.1376204
1746038167.1396031
1746038167.144562
1746038167.1465626
1746038167.147548
1746038167.1505127
1746038167.1614907
1746038167.1684194
1746038167.1713946
1746038167.1754603
1746038167.1793978
1746038167.184361
1746038167.185351
1746038167.1883075
1746038167.1952302
1746038167.1972497
1746038167.200226
1746038167.202231
1746038167.2051961
1746038167.2092423
1746038167.2122226
1746038167.215688
1746038167.227391
1746038167.2283988
1746038167.2372472
1746038167.2403264
1746038167.2448854
1746038167.2460442
1746038167.2483847
1746038167.2553093
1746038167.2572854
1746038167.2592793
1746038167.2602708
1746038167.267192
1746038167.2691681
1746038167.2756324
1746038167.2766187
1746038167.2785943
1746038167.281628
1746038167.288943
1746038167.2924356
1746038167.2934442
1746038167.2944295
1746038167.3113387
1746038167.3141081
1746038167.3244975
1746038167.3334804
1746038167.3364117
1746038167.342344
1746038167.3450887
1746038167.350104
1746038167.35359
1746038167.3565474
1746038167.3654814
1746038167.3674593
1746038167.372421
1746038167.3753676
1746038167.3783383
1746038167.3872375
1746038167.3902004
1746038167.3943
1746038167.4062803
1746038167.4102864
1746038167.421335
1746038167.4263127
1746038167.4342203
1746038167.4352229
1746038167.4372096
1746038167.4426875
1746038167.4436753
1746038167.445769
1746038167.44884
1746038167.4564235
1746038167.4593866
1746038167.4672909
1746038167.4703827
1746038167.4733753
1746038167.4773316
1746038167.4872925
1746038167.4892766
1746038167.4902616
1746038167.5101688
1746038167.5294714
1746038167.5503354
1746038167.5543916
1746038167.5603127
1746038167.5623097
1746038167.5664868
1746038167.5678067
1746038167.5700295
1746038167.5715325
1746038167.576613
1746038167.5785875
1746038167.5825586
1746038167.584525
1746038167.588757
1746038167.5912545
1746038167.595292
1746038167.597745
1746038167.59984
1746038167.602336
1746038167.6047063
1746038167.6074839
1746038167.6098092
1746038167.61332
1746038167.6162934
1746038167.619706
1746038167.6272416
1746038167.6341784
1746038167.6395009
1746038167.6455128
1746038167.6495957
1746038167.6536589
1746038167.6576238
1746038167.6625524
1746038167.6660051
1746038167.667972
1746038167.6689591
1746038167.6699445
1746038167.6738403
1746038167.6749275
1746038167.6759174
1746038167.6789525
1746038167.6814382
1746038167.6844327
1746038167.6867218
1746038167.6889932
1746038167.6914883
1746038167.6939147
1746038167.6968734
1746038167.6998296
1746038167.7023451
1746038167.707315
1746038167.7126837
1746038167.7158737
1746038167.720135
1746038167.7216392
1746038167.7226334
1746038167.7247918
1746038167.7267628
1746038167.7291515
1746038167.7301435
1746038167.7327085
1746038167.735769
1746038167.7387447
1746038167.742232
1746038167.7452073
1746038167.748392
1746038167.752394
1746038167.7554944
1746038167.758477
1746038167.7623873
1746038167.765451
1746038167.768426
1746038167.7694168
1746038167.7704036
1746038167.7744334
1746038167.7764037
1746038167.7783742
1746038167.7793567
1746038167.781348
1746038167.7834432
1746038167.7858534
1746038167.7878284
1746038167.7897916
1746038167.7932854
1746038167.795579
1746038167.7985675
1746038167.8015342
1746038167.8059187
1746038167.8113768
1746038167.8176796
1746038167.8201082
1746038167.8239732
1746038167.825128
1746038167.827109
1746038167.829089
1746038167.832558
1746038167.8359475
1746038167.8380644
1746038167.8415391
1746038167.8435524
1746038167.8477619
1746038167.851202
1746038167.8541675
1746038167.8594837
1746038167.8625107
1746038167.8665452
1746038167.8675292
1746038167.8704767
1746038167.8726163
1746038167.875574
1746038167.8787694
1746038167.8822591
1746038167.8842645
1746038167.8889158
1746038167.8899615
1746038167.893473
1746038167.896444
1746038167.898652
1746038167.9011595
1746038167.9031909
1746038167.9057176
1746038167.9087918
1746038167.912281
1746038167.9162447
1746038167.920227
1746038167.928714
1746038167.9352252
1746038167.9391577
1746038167.945629
1746038167.9495838
1746038167.9546897
1746038167.9590697
1746038167.96375
1746038167.96771
1746038167.9687161
1746038167.9699583
1746038167.9714618
1746038167.974571
1746038167.9766812
1746038167.977923
1746038167.9816043
1746038167.9836724
1746038167.9859061
1746038167.9880574
1746038167.9904876
1746038167.9924836
1746038167.995846
1746038167.9979477
1746038168.001475
1746038168.0044498
1746038168.008568
1746038168.013354
1746038168.018437
1746038168.0225005
1746038168.0245545
1746038168.0255628
1746038168.027767
1746038168.030405
1746038168.0324001
1746038168.0335732
1746038168.0360901
1746038168.0402617
1746038168.0422554
1746038168.0452216
1746038168.0472457
1746038168.0512125
1746038168.0542514
1746038168.0565565
1746038168.0615883
1746038168.0647967
1746038168.0667787
1746038168.0702617
1746038168.0712645
1746038168.0726352
1746038168.075965
1746038168.0781972
1746038168.079354
1746038168.0816245
1746038168.0836332
1746038168.085717
1746038168.0876932
1746038168.0896564
1746038168.091503
1746038168.0949156
1746038168.0969133
1746038168.1000936
1746038168.1025953
1746038168.1074774
1746038168.1130025
1746038168.1191013
1746038168.1225839
1746038168.1247115
1746038168.1271071
1746038168.128209
1746038168.1293364
1746038168.1334116
1746038168.1366465
1746038168.1388817
1746038168.1425695
1746038168.1449072
1746038168.1495678
1746038168.1515613
1746038168.1549637
1746038168.1569684
1746038168.1590292
1746038168.1615534
1746038168.1659753
1746038168.1681197
1746038168.1712935
1746038168.1767282
1746038168.1823509
1746038168.186358
1746038168.1897993
1746038168.1942666
1746038168.1983624
1746038168.202328
1746038168.2063258
1746038168.2112982
1746038168.214263
1746038168.2176313
1746038168.219757
1746038168.2222629
1746038168.2242432
1746038168.2281902
1746038168.2303016
1746038168.2333095
1746038168.2352827
1746038168.2401972
1746038168.2422009
1746038168.246151
1746038168.248135
1746038168.2511542
1746038168.2541564
1746038168.256132
1746038168.2581217
1746038168.2601244
1746038168.2657115
1746038168.2687025
1746038168.2721944
1746038168.279154
1746038168.286502
1746038168.2914445
1746038168.2967963
1746038168.2997525
1746038168.3052142
1746038168.30921
1746038168.3142498
1746038168.3199103
1746038168.3199103
1746038168.3214147
1746038168.3224258
1746038168.3267214
1746038168.3287365
1746038168.3298166
1746038168.3337157
1746038168.3361905
1746038168.3383346
1746038168.3406186
1746038168.3438563
1746038168.3464396
1746038168.3493724
1746038168.3534331
1746038168.3576238
1746038168.3605785
1746038168.3646524
1746038168.3688297
1746038168.3743057
1746038168.3782659
1746038168.3792524
1746038168.3823109
1746038168.383346
1746038168.3853776
1746038168.387734
1746038168.389702
1746038168.392242
1746038168.3961985
1746038168.3991742
1746038168.4021559
1746038168.4050872
1746038168.410428
1746038168.4145043
1746038168.4176848
1746038168.4212182
1746038168.4242048
1746038168.4272637
1746038168.4292452
1746038168.4322395
1746038168.4322395
1746038168.4361832
1746038168.4371672
1746038168.4392126
1746038168.4412272
1746038168.4432468
1746038168.4452205
1746038168.4472091
1746038168.4501765
1746038168.452182
1746038168.4541621
1746038168.4572372
1746038168.4602032
1746038168.4631953
1746038168.467154
1746038168.4731398
1746038168.4791105
1746038168.4826388
1746038168.4855902
1746038168.4865801
1746038168.4886014
1746038168.4895914
1746038168.4935946
1746038168.4975512
1746038168.499517
1746038168.5043626
1746038168.506361
1746038168.5113423
1746038168.5143237
1746038168.5163023
1746038168.519285
1746038168.5222833
1746038168.5242763
1746038168.5282433
1746038168.5322845
1746038168.5372999
1746038168.540262
1746038168.5432518
1746038168.545225
1746038168.5482037
1746038168.5491989
1746038168.5541646
1746038168.5561445
1746038168.560095
1746038168.5625927
1746038168.566924
1746038168.5689
1746038168.5723867
1746038168.575406
1746038168.5773997
1746038168.580405
1746038168.5824044
1746038168.5843756
1746038168.587332
1746038168.5912888
1746038168.5943532
1746038168.5973136
1746038168.6042964
1746038168.6113157
1746038168.6163085
1746038168.6231575
1746038168.6271007
1746038168.6315587
1746038168.6357207
1746038168.640148
1746038168.6441994
1746038168.6451836
1746038168.6461678
1746038168.6471531
1746038168.6511323
1746038168.6521277
1746038168.6531227
1746038168.656086
1746038168.658055
1746038168.6600645
1746038168.6625638
1746038168.66452
1746038168.6678236
1746038168.6698852
1746038168.6723807
1746038168.6743882
1746038168.677353
1746038168.6813316
1746038168.685279
1746038168.6897593
1746038168.6922567
1746038168.6942403
1746038168.6962132
1746038168.6972141
1746038168.6992023
1746038168.701194
1746038168.702196
1746038168.704195
1746038168.7071745
1746038168.7101455
1746038168.7121556
1746038168.7151492
1746038168.719197
1746038168.7211926
1746038168.7241564
1746038168.7281265
1746038168.7311172
1746038168.7334633
1746038168.7359014
1746038168.7368922
1746038168.7389696
1746038168.7424715
1746038168.7437012
1746038168.745755
1746038168.7467363
1746038168.7487192
1746038168.7511177
1746038168.7534251
1746038168.7553995
1746038168.7583866
1746038168.7603548
1746038168.763349
1746038168.7663586
1746038168.770302
1746038168.7742932
1746038168.7802398
1746038168.7842567
1746038168.7892003
1746038168.7921872
1746038168.793181
1746038168.7951577
1746038168.7961502
1746038168.8001
1746038168.8040779
1746038168.8060668
1746038168.8090856
1746038168.8115785
1746038168.8155494
1746038168.8185186
1746038168.8214946
1746038168.823496
1746038168.8254836
1746038168.8294308
1746038168.8325267
1746038168.8355021
1746038168.8394434
1746038168.8434112
1746038168.8483891
1746038168.8533933
1746038168.8566215
1746038168.8605475
1746038168.864502
1746038168.8679597
1746038168.870035
1746038168.8725834
1746038168.8748293
1746038168.87785
1746038168.8798337
1746038168.8833866
1746038168.8833866
1746038168.8873281
1746038168.8893785
1746038168.892399
1746038168.8943932
1746038168.8983731
1746038168.9003448
1746038168.9053066
1746038168.908319
1746038168.911308
1746038168.9152699
1746038168.921185
1746038168.9241366
1746038168.9282067
1746038168.9291968
1746038168.9322379
1746038168.9333215
1746038168.9380279
1746038168.940297
1746038168.9446642
1746038168.9466598
1746038168.951121
1746038168.9530985
1746038168.9572318
1746038168.9598603
1746038168.9613643
1746038168.9644153
1746038168.9675362
1746038168.968542
1746038168.9715362
1746038168.9767725
1746038168.9787395
1746038168.9824984
1746038168.9913244
1746038168.9982505
1746038169.0032048
1746038169.0091407
1746038169.0133686
1746038169.0183616
1746038169.0234637
1746038169.0277498
1746038169.031243
1746038169.0332687
1746038169.034255
1746038169.0352418
1746038169.0393143
1746038169.0403047
1746038169.0413074
1746038169.0459118
1746038169.0479078
1746038169.0503373
1746038169.0523412
1746038169.0543444
1746038169.057356
1746038169.059471
1746038169.0624475
1746038169.0656853
1746038169.0687575
1746038169.0722501
1746038169.0771816
1746038169.0821202
1746038169.0854225
1746038169.0875428
1746038169.088554
1746038169.090532
1746038169.0925453
1746038169.0945873
1746038169.0955677
1746038169.0978518
1746038169.1024156
1746038169.1053765
1746038169.1083653
1746038169.1111135
1746038169.115393
1746038169.1184943
1746038169.1211293
1746038169.1254733
1746038169.128473
1746038169.1304471
1746038169.133887
1746038169.1348825
1746038169.135869
1746038169.1398215
1746038169.1413245
1746038169.1426942
1746038169.144689
1746038169.14666
1746038169.1486537
1746038169.1511464
1746038169.1534467
1746038169.1555138
1746038169.1584702
1746038169.1604352
1746038169.1634333
1746038169.1654558
1746038169.169762
1746038169.176192
1746038169.182273
1746038169.1852326
1746038169.1882331
1746038169.1892207
1746038169.190204
1746038169.1912062
1746038169.1954515
1746038169.1994529
1746038169.2014532
1746038169.2054143
1746038169.2074163
1746038169.211396
1746038169.214549
1746038169.2176836
1746038169.2196622
1746038169.2221606
1746038169.2251844
1746038169.2294426
1746038169.232498
1746038169.2355168
1746038169.2396052
1746038169.2453403
1746038169.2492893
1746038169.253307
1746038169.2576008
1746038169.2610786
1746038169.2650347
1746038169.266025
1746038169.2679853
1746038169.2723956
1746038169.2745538
1746038169.2789485
1746038169.280039
1746038169.280039
1746038169.2830024
1746038169.2849772
1746038169.2882905
1746038169.291253
1746038169.2945316
1746038169.2965174
1746038169.3014872
1746038169.3046207
1746038169.307999
1746038169.311473
1746038169.3158026
1746038169.3197498
1746038169.3232234
1746038169.3273578
1746038169.3347816
1746038169.3443441
1746038169.348289
1746038169.3542054
1746038169.3561597
1746038169.3571372
1746038169.3601594
1746038169.3631897
1746038169.3664777
1746038169.3697968
1746038169.3713012
1746038169.3753362
1746038169.3767
1746038169.382317
1746038169.3842726
1746038169.386675
1746038169.3890338
1746038169.3914056
1746038169.3971117
1746038169.4004273
1746038169.403402
1746038169.4098692
1746038169.413345
1746038169.417254
1746038169.4197037
1746038169.4231946
1746038169.4272232
1746038169.4302592
1746038169.4352367
1746038169.43819
1746038169.4454062
1746038169.4488227
1746038169.4533489
1746038169.456645
1746038169.4596887
1746038169.46419
1746038169.468117
1746038169.4710739
1746038169.477401
1746038169.4832304
1746038169.4842272
1746038169.486197
1746038169.4882317
1746038169.490223
1746038169.4933364
1746038169.4982722
1746038169.5012343
1746038169.5047517
1746038169.5068002
1746038169.5088453
1746038169.511344
1746038169.5134633
1746038169.517463
1746038169.5198236
1746038169.5233212
1746038169.5254056
1746038169.5293589
1746038169.531351
1746038169.535737
1746038169.538759
1746038169.539745
1746038169.5432246
1746038169.5463514
1746038169.5473447
1746038169.5511374
1746038169.5544243
1746038169.5573835
1746038169.559709
1746038169.5671666
1746038169.574428
1746038169.5795488
1746038169.5855918
1746038169.589666
1746038169.595118
1746038169.5991538
1746038169.6031485
1746038169.6079109
1746038169.6089013
1746038169.6099112
1746038169.6114142
1746038169.6154912
1746038169.616691
1746038169.6188426
1746038169.621362
1746038169.6233382
1746038169.6255207
1746038169.62768
1746038169.6298952
1746038169.6323955
1746038169.6354535
1746038169.6375682
1746038169.641329
1746038169.6443534
1746038169.6483033
1746038169.6533706
1746038169.6573675
1746038169.661347
1746038169.6623476
1746038169.664519
1746038169.6666312
1746038169.6687677
1746038169.6712608
1746038169.6722848
1746038169.67429
1746038169.6787486
1746038169.6797385
1746038169.6832192
1746038169.686239
1746038169.6934953
1746038169.6967015
1746038169.6997645
1746038169.7042742
1746038169.7067583
1746038169.7101197
1746038169.71212
1746038169.7131033
1746038169.7141392
1746038169.7182882
1746038169.7192755
1746038169.7212338
1746038169.7225542
1746038169.7247965
1746038169.7268476
1746038169.7289715
1746038169.731476
1746038169.73371
1746038169.7366943
1746038169.7387075
1746038169.7421703
1746038169.7447274
1746038169.7487197
1746038169.7551641
1746038169.7614791
1746038169.7634683
1746038169.766656
1746038169.7680216
1746038169.7702954
1746038169.7713
1746038169.7743123
1746038169.7786186
1746038169.7798505
1746038169.7843466
1746038169.7865958
1746038169.7914293
1746038169.7934747
1746038169.7968729
1746038169.7988775
1746038169.8011796
1746038169.8043382
1746038169.8086584
1746038169.811434
1746038169.8157556
1746038169.8197284
1746038169.8252344
1746038169.8293006
1746038169.8335085
1746038169.836735
1746038169.8397603
1746038169.8446076
1746038169.8455944
1746038169.8486464
1746038169.8523555
1746038169.8543437
1746038169.8576295
1746038169.8589196
1746038169.8599472
1746038169.8635325
1746038169.8654962
1746038169.8688157
1746038169.871303
1746038169.8742743
1746038169.8763957
1746038169.8812141
1746038169.8842216
1746038169.8883162
1746038169.8914258
1746038169.8958185
1746038169.899742
1746038169.9041913
1746038169.9066715
1746038169.9149842
1746038169.9222207
1746038169.927471
1746038169.9313345
1746038169.9333668
1746038169.9344158
1746038169.9379168
1746038169.9413826
1746038169.944399
1746038169.9475625
1746038169.9485953
1746038169.9534025
1746038169.9548593
1746038169.9598799
1746038169.9613836
1746038169.9633706
1746038169.9654472
1746038169.9678516
1746038169.972824
1746038169.9738257
1746038169.9761052
1746038169.9824314
1746038169.9854121
1746038169.9874291
1746038169.9904006
1746038169.993404
1746038169.9977505
1746038170.0012174
1746038170.0052607
1746038170.0087423
1746038170.015686
1746038170.0199006
1746038170.0236332
1746038170.026591
1746038170.0296857
1746038170.0342476
1746038170.0383084
1746038170.0402913
1746038170.0463505
1746038170.0513122
1746038170.0532894
1746038170.0543087
1746038170.0566387
1746038170.0589952
1746038170.061481
1746038170.063449
1746038170.065403
1746038170.0673573
1746038170.0702891
1746038170.0767214
1746038170.0796533
1746038170.082152
1746038170.0875564
1746038170.0910304
1746038170.0940838
1746038170.0984182
1746038170.1024883
1746038170.1066024
1746038170.1120136
1746038170.1130085
1746038170.1169374
1746038170.1202738
1746038170.1233325
1746038170.1277235
1746038170.1322076
1746038170.1342492
1746038170.1397438
1746038170.1412477
1746038170.1467235
1746038170.147713
1746038170.1487591
1746038170.1521792
1746038170.1553478
1746038170.1596973
1746038170.1632483
1746038170.16721
1746038170.1685765
1746038170.775954
1746038170.7769384
1746038170.7814019
1746038170.7833862
1746038170.7877197
1746038170.7897196
1746038170.794202
1746038170.7961714
1746038170.8001256
1746038170.8031158
1746038170.805092
1746038170.808071
1746038170.811045
1746038170.8130293
1746038170.8159935
1746038170.8199604
1746038170.8229463
1746038170.8269465
1746038170.8340735
1746038170.8413527
1746038170.8462975
1746038170.8522398
1746038170.8561852
1746038170.8611293
1746038170.8651617
1746038170.870352
1746038170.8743804
1746038170.8753643
1746038170.876354
1746038170.8773353
1746038170.8813062
1746038170.882301
1746038170.8833404
1746038170.8862932
1746038170.8884585
1746038170.8904254
1746038170.8934145
1746038170.895679
1746038170.8978865
1746038170.9001472
1746038170.9032419
1746038170.9062376
1746038170.9093976
1746038170.9135587
1746038170.9181378
1746038170.922103
1746038170.926013
1746038170.9272158
1746038170.929195
1746038170.9303267
1746038170.932329
1746038170.9343147
1746038170.9353204
1746038170.9372952
1746038170.9411118
1746038170.9440763
1746038170.9471343
1746038170.9492588
1746038170.95335
1746038170.9555087
1746038170.958713
1746038170.9632013
1746038170.9671488
1746038170.969294
1746038170.972275
1746038170.9732683
1746038170.9742522
1746038170.9782171
1746038170.9792068
1746038170.981194
1746038170.9834518
1746038170.985625
1746038170.9879177
1746038170.9903572
1746038170.9933448
1746038170.9954715
1746038170.997451
1746038171.0004053
1746038171.0034103
1746038171.0064893
1746038171.0120955
1746038171.0170028
1746038171.0233407
1746038171.026294
1746038171.029298
1746038171.0302846
1746038171.031289
1746038171.0332682
1746038171.0362282
1746038171.0411804
1746038171.0432196
1746038171.0471582
1746038171.0481424
1746038171.0531943
1746038171.0561519
1746038171.0591164
1746038171.0611064
1746038171.0630834
1746038171.066196
1746038171.0691884
1746038171.0720074
1746038171.0754502
1746038171.0794096
1746038171.085368
1746038171.08858
1746038171.0920737
1746038171.0960248
1746038171.1000168
1746038171.1039844
1746038171.10542
1746038171.1093862
1746038171.1113787
1746038171.1143594
1746038171.1173081
1746038171.1192951
1746038171.120283
1746038171.1222856
1746038171.1252334
1746038171.1272068
1746038171.1301913
1746038171.1341646
1746038171.1362686
1746038171.1412106
1746038171.1442008
1746038171.1472685
1746038171.1520941
1746038171.1560416
1746038171.159986
1746038171.1639667
1746038171.1681478
1746038171.1761286
1746038171.1850443
1746038171.189022
1746038171.1944342
1746038171.196526
1746038171.1978338
1746038171.199905
1746038171.2043931
1746038171.2073731
1746038171.210349
1746038171.2113535
1746038171.2163908
1746038171.217371
1746038171.222375
1746038171.2233667
1746038171.2253616
1746038171.22831
1746038171.2304082
1746038171.234398
1746038171.2364411
1746038171.2384148
1746038171.2443607
1746038171.2463853
1746038171.2493966
1746038171.2532387
1746038171.2552063
1746038171.2601464
1746038171.263153
1746038171.268103
1746038171.2710748
1746038171.2779846
1746038171.2819672
1746038171.2860548
1746038171.2890186
1746038171.292069
1746038171.296027
1746038171.2990038
1746038171.3020403
1746038171.3074923
1746038171.312978
1746038171.3149319
1746038171.3163166
1746038171.3182886
1746038171.3202622
1746038171.3222651
1746038171.3242555
1746038171.3264172
1746038171.3283844
1746038171.3313603
1746038171.3383756
1746038171.3410394
1746038171.3440115
1746038171.3500705
1746038171.3535092
1746038171.3594584
1746038171.363013
1746038171.366068
1746038171.3680904
1746038171.3700557
1746038171.372053
1746038171.377142
1746038171.3790963
1746038171.38307
1746038171.3850381
1746038171.388978
1746038171.3909655
1746038171.3949223
1746038171.3970437
1746038171.4000106
1746038171.4020145
1746038171.404973
1746038171.405956
1746038171.409442
1746038171.4139369
1746038171.4158988
1746038171.42017
1746038171.426222
1746038171.4336448
1746038171.4386218
1746038171.4450252
1746038171.4489338
1746038171.4535666
1746038171.45751
1746038171.4619887
1746038171.46791
1746038171.4688911
1746038171.4701486
1746038171.47215
1746038171.4751246
1746038171.4770968
1746038171.4780855
1746038171.4821153
1746038171.4840844
1746038171.486052
1746038171.4880302
1746038171.4911194
1746038171.4931207
1746038171.4960814
1746038171.4990528
1746038171.502044
1746038171.5050254
1746038171.509506
1746038171.5149672
1746038171.5189986
1746038171.521982
1746038171.5239575
1746038171.5259247
1746038171.5278952
1746038171.5298648
1746038171.5313704
1746038171.5333667
1746038171.5353715
1746038171.5393183
1746038171.5419962
1746038171.5449533
1746038171.5479252
1746038171.5519161
1746038171.5548832
1746038171.5578437
1746038171.5623226
1746038171.565439
1746038171.5683992
1746038171.5712109
1746038171.5732317
1746038171.5742166
1746038171.5772085
1746038171.5792427
1746038171.5812314
1746038171.5822268
1746038171.5851958
1746038171.587166
1746038171.5891392
1746038171.5911555
1746038171.5937939
1746038171.5947702
1746038171.5980783
1746038171.601162
1746038171.6034496
1746038171.6076546
1746038171.6148229
1746038171.6208951
1746038171.6233287
1746038171.626312
1746038171.6294608
1746038171.6294608
1746038171.6309655
1746038171.634133
1746038171.638086
1746038171.6400807
1746038171.6440604
1746038171.6460373
1746038171.6509998
1746038171.6541815
1746038171.6571395
1746038171.659125
1746038171.6611133
1746038171.664087
1746038171.6692023
1746038171.6711965
1746038171.6751535
1746038171.6791155
1746038171.6853878
1746038171.6896105
1746038171.69409
1746038171.6980588
1746038171.702234
1746038171.706304
1746038171.707809
1746038171.7098117
1746038171.7133253
1746038171.716367
1746038171.7203114
1746038171.7223158
1746038171.7242904
1746038171.7262604
1746038171.728376
1746038171.7313495
1746038171.7343216
1746038171.736694
1746038171.7396712
1746038171.7441623
1746038171.7471507
1746038171.751114
1746038171.753326
1746038171.757288
1746038171.761337
1746038171.7644083
1746038171.7693536
1746038171.7763011
1746038171.7842004
1746038171.7893636
1746038171.7933373
1746038171.7953193
1746038171.7963076
1746038171.799282
1746038171.8032699
1746038171.8062358
1746038171.8097217
1746038171.8097217
1746038171.814193
1746038171.8162253
1746038171.8201802
1746038171.8221724
1746038171.8236158
1746038171.82671
1746038171.8286724
1746038171.8322175
1746038171.8341935
1746038171.836496
1746038171.8384826
1746038171.8439474
1746038171.8469079
1746038171.8498862
1746038171.8528738
1746038171.8568087
1746038171.8597713
1746038171.8642476
1746038171.8681986
1746038171.8741448
1746038171.8781013
1746038171.8820693
1746038171.8850248
1746038171.8890424
1746038171.8930488
1746038171.8963492
1746038171.8993397
1746038171.904289
1746038171.9087684
1746038171.909749
1746038171.9122593
1746038171.9132447
1746038171.915216
1746038171.91822
1746038171.920196
1746038171.9221954
1746038171.9241793
1746038171.9271324
1746038171.9340987
1746038171.936526
1746038171.9394894
1746038171.9439607
1746038171.9469266
1746038171.9509335
1746038171.9550178
1746038171.9589543
1746038171.962929
1746038171.9688425
1746038171.9698193
1746038171.974513
1746038171.9774802
1746038171.9830313
1746038171.985235
1746038171.988494
1746038171.9909835
1746038171.993964
1746038171.9953203
1746038171.9998572
1746038172.0013602
1746038172.0053198
1746038172.007614
1746038172.0110981
1746038172.014532
1746038172.017507
1746038172.019856
1746038172.0223567
1746038172.0247774
1746038172.0271597
1746038172.029433
1746038172.031926
1746038172.0359442
1746038172.0380087
1746038172.0422475
1746038172.0493803
1746038172.0589921
1746038172.064075
1746038172.070284
1746038172.074287
1746038172.0782363
1746038172.0823522
1746038172.0873885
1746038172.091348
1746038172.0923922
1746038172.0933814
1746038172.0953515
1746038172.098424
1746038172.099658
1746038172.1042078
1746038172.1061816
1746038172.1086845
1746038172.1096716
1746038172.1132557
1746038172.1152415
1746038172.117482
1746038172.1194823
1746038172.1219795
1746038172.1251266
1746038172.1280706
1746038172.134303
1746038172.1376567
1746038172.1419299
1746038172.1452901
1746038172.146274
1746038172.1483412
1746038172.1493256
1746038172.1513124
1746038172.1532998
1746038172.155274
1746038172.1572394
1746038172.1612034
1746038172.1631932
1746038172.166271
1746038172.1684926
1746038172.1722956
1746038172.1756506
1746038172.1786206
1746038172.1833262
1746038172.1869626
1746038172.1891186
1746038172.192102
1746038172.193102
1746038172.1940951
1746038172.1980257
1746038172.1995027
1746038172.2020042
1746038172.2029884
1746038172.2050629
1746038172.2075484
1746038172.2095299
1746038172.2110329
1746038172.2130196
1746038172.2151706
1746038172.218286
1746038172.221292
1746038172.2242634
1746038172.2282069
1746038172.2342162
1746038172.2401946
1746038172.2432196
1746038172.246294
1746038172.2472866
1746038172.249254
1746038172.2512412
1746038172.255308
1746038172.2593565
1746038172.2613444
1746038172.2653031
1746038172.2672842
1746038172.2723227
1746038172.275286
1746038172.277262
1746038172.2792313
1746038172.2836869
1746038172.2876832
1746038172.2970233
1746038172.300881
1746038172.305251
1746038172.309723
1746038172.3154263
1746038172.3194566
1746038172.3229492
1746038172.3268964
1746038172.3308818
1746038172.3364549
1746038172.3385763
1746038172.3397646
1746038172.345558
1746038172.3501184
1746038172.3542905
1746038172.3552794
1746038172.3572483
1746038172.359239
1746038172.3612218
1746038172.364201
1746038172.3675122
1746038172.370977
1746038172.3721602
1746038172.3777075
1746038172.3797293
1746038172.3846638
1746038172.3888128
1746038172.3922973
1746038172.3958535
1746038172.4006855
1746038172.4046218
1746038172.4123278
1746038172.4195936
1746038172.424266
1746038172.427568
1746038172.4296408
1746038172.4311442
1746038172.4336028
1746038172.4368446
1746038172.4402742
1746038172.443338
1746038172.4443276
1746038172.448566
1746038172.4495535
1746038172.4540493
1746038172.4550328
1746038172.457062
1746038172.4592936
1746038172.4612823
1746038172.465239
1746038172.4672039
1746038172.4696028
1746038172.47541
1746038172.4776547
1746038172.480064
1746038172.4830477
1746038172.4863024
1746038172.4895182
1746038172.493388
1746038172.4978175
1746038172.5012767
1746038172.5096726
1746038172.5131662
1746038172.5171568
1746038172.5201
1746038172.523404
1746038172.5274794
1746038172.5309396
1746038172.533945
1746038172.539112
1746038172.5431244
1746038172.545095
1746038172.5470688
1746038172.5490463
1746038172.5510418
1746038172.5531807
1746038172.5551612
1746038172.557131
1746038172.5581133
1746038172.5619898
1746038172.5688922
1746038172.571947
1746038172.5742557
1746038172.5792186
1746038172.5821977
1746038172.5864446
1746038172.5911694
1746038172.5947034
1746038172.5988934
1746038172.6040683
1746038172.60505
1746038172.6088836
1746038172.6128547
1746038172.6160893
1746038172.6210237
1746038172.6240973
1746038172.6271195
1746038172.6331866
1746038172.6353788
1746038172.6394522
1746038172.6409569
1746038172.641952
1746038172.6439548
1746038172.6481576
1746038172.650131
1746038172.6511335
1746038172.6532109
1746038172.6562464
1746038172.6612854
1746038172.6632907
1746038172.6665094
1746038172.6694717
1746038172.6749473
1746038172.678145
1746038172.6811073
1746038172.6834407
1746038172.685705
1746038172.6878374
1746038172.6919043
1746038172.6932678
1746038172.6976976
1746038172.6996653
1746038172.7042983
1746038172.7074814
1746038172.710846
1746038172.7142267
1746038172.7152584
1746038172.7188382
1746038172.7210362
1746038172.7234466
1746038172.7260978
1746038172.730988
1746038172.73409
1746038172.737799
1746038172.7437909
1746038172.7509465
1746038172.7570589
1746038172.7651317
1746038172.7693572
1746038172.7748168
1746038172.7777615
1746038172.7833261
1746038172.7882383
1746038172.7892156
1746038172.7901924
1746038172.7921891
1746038172.79528
1746038172.7962706
1746038172.7975876
1746038172.801822
1746038172.8048728
1746038172.808376
1746038172.811141
1746038172.8132758
1746038172.815242
1746038172.8188624
1746038172.821263
1746038172.8243105
1746038172.8280358
1746038172.8324828
1746038172.8386533
1746038172.8432844
1746038172.8473773
1746038172.8483624
1746038172.849355
1746038172.8518558
1746038172.8540213
1746038172.8550103
1746038172.8575182
1746038172.8599455
1746038172.8629196
1746038172.86538
1746038172.8678117
1746038172.870922
1746038172.8754241
1746038172.877522
1746038172.8812468
1746038172.8845656
1746038172.8879511
1746038172.8912175
1746038172.89325
1746038172.8942378
1746038172.8955727
1746038172.8996854
1746038172.9011889
1746038172.9032662
1746038172.904653
1746038172.9073071
1746038172.9093044
1746038172.9113054
1746038172.9134002
1746038172.9156766
1746038172.9180028
1746038172.9211419
1746038172.9241853
1746038172.926296
1746038172.9312944
1746038172.936554
1746038172.9432397
1746038172.9452817
1746038172.9483802
1746038172.9497426
1746038172.9522424
1746038172.9532425
1746038172.9564338
1746038172.9594042
1746038172.961905
1746038172.965938
1746038172.9679062
1746038172.972255
1746038172.9752305
1746038172.9772036
1746038172.97956
1746038172.9820554
1746038172.985149
1746038172.9894857
1746038172.9919844
1746038172.9951494
1746038172.9994204
1746038173.0051715
1746038173.0093977
1746038173.0138538
1746038173.0181925
1746038173.0221817
1746038173.0264702
1746038173.027462
1746038173.0297403
1746038173.0332334
1746038173.0365374
1746038173.0397298
1746038173.0412326
1746038173.0432093
1746038173.0446198
1746038173.047909
1746038173.0499434
1746038173.052925
1746038173.0558658
1746038173.057935
1746038173.0631516
1746038173.066108
1746038173.0691602
1746038173.0730822
1746038173.0760505
1746038173.0810199
1746038173.084092
1746038173.0886385
1746038173.0962868
1746038173.1032486
1746038173.108607
1746038173.1122367
1746038173.1145191
1746038173.1155984
1746038173.1185834
1746038173.121223
1746038173.125477
1746038173.128744
1746038173.129733
1746038173.1346512
1746038173.135641
1746038173.1397312
1746038173.1412346
1746038173.1437118
1746038173.1459115
1746038173.1478858
1746038173.1524136
1746038173.154396
1746038173.1554642
1746038173.1618867
1746038173.1638527
1746038173.1673298
1746038173.170842
1746038173.1728485
1746038173.1782317
1746038173.1802104
1746038173.1842008
1746038173.1876318
1746038173.1952565
1746038173.1982598
1746038173.202678
1746038173.205642
1746038173.2081425
1746038173.2130456
1746038173.2160196
1746038173.2183304
1746038173.224167
1746038173.229457
1746038173.229457
1746038173.2324157
1746038173.2343976
1746038173.2365773
1746038173.2386417
1746038173.2410405
1746038173.2432196
1746038173.2442296
1746038173.2472305
1746038173.2543712
1746038173.2573256
1746038173.2593398
1746038173.2649949
1746038173.2693095
1746038173.2727833
1746038173.2770858
1746038173.280909
1746038173.2860968
1746038173.2911675
1746038173.292164
1746038173.2961543
1746038173.2996805
1746038173.3031778
1746038173.3073795
1746038173.311179
1746038173.314365
1746038173.319723
1746038173.321226
1746038173.3249943
1746038173.325986
1746038173.3280277
1746038173.3291364
1746038173.3321786
1746038173.3351357
1746038173.3370898
1746038173.3410237
1746038173.3431764
1746038173.3486476
1746038173.34993
1746038173.352941
1746038173.354259
1746038173.356476
1746038173.359437
1746038173.3623989
1746038173.3645191
1746038173.3679423
1746038173.3742626
1746038173.3782544
1746038173.3819032
1746038173.387635
1746038173.3918393
1746038173.395892
1746038173.4011564
1746038173.4041293
1746038173.4073725
1746038173.4093614
1746038173.4118671
1746038173.413836
1746038173.417776
1746038173.419745
1746038173.4242647
1746038173.4262326
1746038173.4291828
1746038173.4321632
1746038173.4351346
1746038173.4381258
1746038173.4400954
1746038173.4430897
1746038173.4460678
1746038173.4480495
1746038173.4510236
1746038173.4550803
1746038173.4584398
1746038173.4620395
1746038173.4691432
1746038173.4761703
1746038173.4801252
1746038173.4870703
1746038173.4910438
1746038173.4959848
1746038173.5001938
1746038173.5041704
1746038173.5086644
1746038173.5096452
1746038173.5111501
1746038173.5123892
1746038173.5163603
1746038173.5173473
1746038173.5193787
1746038173.5229485
1746038173.5249333
1746038173.5269365
1746038173.5299041
1746038173.5319076
1746038173.5348573
1746038173.537816
1746038173.540786
1746038173.5429678
1746038173.5469272
1746038173.5509462
1746038173.5558999
1746038173.5598698
1746038173.5638368
1746038173.5649486
1746038173.5669367
1746038173.5679216
1746038173.5708609
1746038173.5728538
1746038173.5738542
1746038173.5758266
1746038173.5797942
1746038173.5827768
1746038173.585087
1746038173.5880592
1746038173.5920348
1746038173.5959752
1746038173.5989292
1746038173.6031618
1746038173.6061845
1746038173.6087132
1746038173.6112192
1746038173.6135657
1746038173.614618
1746038173.6176019
1746038173.619593
1746038173.6210966
1746038173.6230721
1746038173.6250489
1746038173.6270251
1746038173.628992
1746038173.6309874
1746038173.6334476
1746038173.6354315
1746038173.638686
1746038173.6421862
1746038173.645139
1746038173.649169
1746038173.6551113
1746038173.6602364
1746038173.6632338
1746038173.666189
1746038173.667231
1746038173.6692712
1746038173.6707563
1746038173.673723
1746038173.677725
1746038173.6797156
1746038173.6841855
1746038173.6861556
1746038173.6901069
1746038173.6931043
1746038173.6960628
1746038173.6980312
1746038173.7010078
1746038173.7039845
1746038173.7069755
1746038173.7099838
1746038173.712969
1746038173.7174442
1746038173.723917
1746038173.7268684
1746038173.7317476
1746038173.7347121
1746038173.7389219
1746038173.7438896
1746038173.7460232
1746038173.7483585
1746038173.7493951
1746038173.7528853
1746038173.756076
1746038173.7570653
1746038173.759267
1746038173.7607718
1746038173.7638738
1746038173.7658393
1746038173.7687988
1746038173.771792
1746038173.7739902
1746038173.7789226
1746038173.7819102
1746038173.7852101
1746038173.7881658
1746038173.7931247
1746038173.7970686
1746038173.8010283
1746038173.8040576
1746038173.8119962
1746038173.8202088
1746038173.8242135
1746038173.8285425
1746038173.8310466
1746038173.8330195
1746038173.836033
1746038173.839411
1746038173.843104
1746038173.845309
1746038173.8476472
1746038173.8512013
1746038173.8526492
1746038173.858169
1746038173.8595827
1746038173.86224
1746038173.8665447
1746038173.8684993
1746038173.8748262
1746038173.8778272
1746038173.8798325
1746038173.885914
1746038173.8878794
1746038173.8908677
1746038173.894249
1746038173.8962035
1746038173.9011798
1746038173.9044032
1746038173.9088817
1746038173.9118686
1746038173.9193451
1746038173.9228277
1746038173.926863
1746038173.929833
1746038173.9339914
1746038173.9395204
1746038173.9430249
1746038173.945009
1746038173.9511132
1746038173.9566443
1746038173.9576342
1746038173.959591
1746038173.9610953
1746038173.9631119
1746038173.965739
1746038173.9687276
1746038173.9697201
1746038173.9722219
1746038173.976163
1746038173.983107
1746038173.985078
1746038173.9881074
1746038173.9930844
1746038173.996043
1746038173.9992855
1746038174.004739
1746038174.0087159
1746038174.0132084
1746038174.0191636
1746038174.0201614
1746038174.0231833
1746038174.0271401
1746038174.0301025
1746038174.0350554
1746038174.0380616
1746038174.0410588
1746038174.0459943
1746038174.0479794
1746038174.0519545
1746038174.0530105
1746038174.0540147
1746038174.055986
1746038174.0599277
1746038174.0619268
1746038174.063898
1746038174.0658734
1746038174.0678446
1746038174.0739684
1746038174.0759382
1746038174.0788941
1746038174.0798843
1746038174.0828664
1746038174.0858297
1746038174.0887804
1746038174.0907757
1746038174.0947316
1746038174.1011682
1746038174.10512
1746038174.1086075
1746038174.1141386
1746038174.1180954
1746038174.122062
1746038174.1260042
1746038174.1309743
1746038174.134939
1746038174.136909
1746038174.137892
1746038174.1398628
1746038174.1458492
1746038174.1518128
1746038174.1547685
1746038174.1597104
1746038174.163196
1746038174.1671417
1746038174.1709802
1746038174.1759396
1746038174.1788855
1746038174.1828573
1746038174.1917934
1746038174.1980777
1746038174.2050014
1746038174.2095098
1746038174.2120843
1746038174.2130806
1746038174.2183177
1746038174.2195556
1746038174.222062
1746038174.2250636
1746038174.227036
1746038174.2300014
1746038174.237157
1746038174.2411172
1746038174.2431028
1746038174.2471085
1746038174.2500958
1746038174.2550662
1746038174.2580328
1746038174.263008
1746038174.2660286
1746038174.2708204
1746038174.2737992
1746038174.2827024
1746038174.2869146
1746038174.292846
1746038174.2977843
1746038174.301756
1746038174.3059173
1746038174.310911
1746038174.3128846
1746038174.3139434
1746038174.3150222
1746038174.3208294
1746038174.3248093
1746038174.3267794
1746038174.329102
1746038174.331094
1746038174.3340452
1746038174.3363004
1746038174.3372834
1746038174.3396316
1746038174.345082
1746038174.3475401
1746038174.351072
1746038174.354212
1746038174.3573833
1746038174.3628368
1746038174.3658168
1746038174.369776
1746038174.3800192
1746038174.3889403
1746038174.3929021
1746038174.3981466
1746038174.4020932
1746038174.4061034
1746038174.4120853
1746038174.4180062
1746038174.4192019
1746038174.4219315
1746038174.4229176
1746038174.4327228
1746038174.4366949
1746038174.439681
1746038174.4411855
1746038174.443176
1746038174.446144
1746038174.4481313
1746038174.4511132
1746038174.4521132
1746038174.4552515
1746038174.46073
1746038174.4636962
1746038174.4666495
1746038174.4721098
1746038174.476323
1746038174.4807894
1746038174.483823
1746038174.4880688
1746038174.49007
1746038174.4963756
1746038174.5008585
1746038174.5048554
1746038174.5087771
1746038174.512959
1746038174.51886
1746038174.5231693
1746038174.528238
1746038174.5387802
1746038174.5497487
1746038174.5551424
1746038174.5581024
1746038174.559459
1746038174.560962
1746038174.5632205
1746038174.566246
1746038174.5717785
1746038174.574773
1746038174.5777538
1746038174.5797696
1746038174.5817654
1746038174.5837336
1746038174.5876849
1746038174.5896547
1746038174.593159
1746038174.5951307
1746038174.5990808
1746038174.6010668
1746038174.6051774
1746038174.6076763
1746038174.6098251
1746038174.6118188
1746038174.6148243
1746038174.6168017
1746038174.61881
1746038174.6227949
1746038174.6257727
1746038174.6287467
1746038174.635725
1746038174.641711
1746038174.64773
1746038174.652689
1746038174.6567507
1746038174.6608732
1746038174.6648133
1746038174.6687212
1746038174.6726801
1746038174.6736608
1746038174.6756384
1746038174.6766326
1746038174.679604
1746038174.6811094
1746038174.6831026
1746038174.686072
1746038174.6880531
1746038174.6910405
1746038174.693126
1746038174.6950955
1746038174.69807
1746038174.7010467
1746038174.7040193
1746038174.7059917
1746038174.709458
1746038174.7139513
1746038174.718894
1746038174.721889
1746038174.726108
1746038174.727096
1746038174.7290792
1746038174.731144
1746038174.7331324
1746038174.735108
1746038174.736107
1746038174.738082
1746038174.7421086
1746038174.7450771
1746038174.7480397
1746038174.7510123
1746038174.7553985
1746038174.7583578
1746038174.760848
1746038174.7648082
1746038174.7677684
1746038174.7719045
1746038174.7738767
1746038174.7748725
1746038174.7768502
1746038174.7808294
1746038174.7819638
1746038174.7829776
1746038174.7853177
1746038174.787606
1746038174.7896054
1746038174.7911105
1746038174.7931345
1746038174.7960894
1746038174.798059
1746038174.8000376
1746038174.8040032
1746038174.8061316
1746038174.8108318
1746038174.8169253
1746038174.8229074
1746038174.8260286
1746038174.8280044
1746038174.829996
1746038174.8310008
1746038174.8319988
1746038174.8370569
1746038174.8420184
1746038174.8439736
1746038174.848859
1746038174.8541172
1746038174.8595514
1746038174.8632135
1746038174.8662002
1746038174.8681548
1746038174.8717186
1746038174.8736928
1746038174.8776445
1746038174.8811407
1746038174.8841364
1746038174.8882594
1746038174.893849
1746038174.8978112
1746038174.9018142
1746038174.9077044
1746038174.912123
1746038174.9150913
1746038174.9173803
1746038174.9206626
1746038174.9230003
1746038174.9259748
1746038174.928906
1746038174.9308858
1746038174.9318848
1746038174.9348173
1746038174.9367716
1746038174.9398906
1746038174.942966
1746038174.945909
1746038174.9489555
1746038174.9540224
1746038174.9570398
1746038174.959994
1746038174.9639761
1746038174.9679267
1746038174.9719117
1746038174.9760396
1746038174.9799898
1746038174.9879427
1746038174.9959133
1746038175.0009222
1746038175.0076814
1746038175.0087905
1746038175.0099351
1746038175.0129814
1746038175.017228
1746038175.020988
1746038175.024355
1746038175.0255775
1746038175.03006
1746038175.0310643
1746038175.0354729
1746038175.0365522
1746038175.0386732
1746038175.041127
1746038175.0442357
1746038175.0483866
1746038175.0493727
1746038175.0518754
1746038175.0581648
1746038175.0606837
1746038175.0626683
1746038175.0656276
1746038175.0698833
1746038175.074853
1746038175.0778134
1746038175.0817814
1746038175.0850928
1746038175.0920293
1746038175.0949833
1746038175.1000595
1746038175.1042917
1746038175.1064386
1746038175.1109326
1746038175.1149154
1746038175.11797
1746038175.1230145
1746038175.1280682
1746038175.1300435
1746038175.132233
1746038175.134243
1746038175.1361973
1746038175.1391287
1746038175.1411088
1746038175.1430767
1746038175.1450315
1746038175.1479628
1746038175.154028
1746038175.157079
1746038175.159254
1746038175.1637456
1746038175.1676955
1746038175.1710756
1746038175.175038
1746038175.178984
1746038175.1829596
1746038175.1888952
1746038175.1898723
1746038175.1941438
1746038175.198293
1746038175.2017686
1746038175.2060392
1746038175.2100153
1746038175.2140036
1746038175.2189322
1746038175.2209127
1746038175.2250264
1746038175.226393
1746038175.2273822
1746038175.2297199
1746038175.2346463
1746038175.2366412
1746038175.2386706
1746038175.2407477
1746038175.2427692
1746038175.2486901
1746038175.2506793
1746038175.2538402
1746038175.2548254
1746038175.2577953
1746038175.2607937
1746038175.263904
1746038175.2668426
1746038175.2709074
1746038175.2778523
1746038175.281806
1746038175.2857418
1746038175.290923
1746038175.2950807
1746038175.2993624
1746038175.3038805
1746038175.3078835
1746038175.3118646
1746038175.3128417
1746038175.3138206
1746038175.3157988
1746038175.3209736
1746038175.3271182
1746038175.3300486
1746038175.3342679
1746038175.3372948
1746038175.341776
1746038175.3459258
1746038175.3509285
1746038175.3539083
1746038175.3579955
1746038175.365991
1746038175.372907
1746038175.378859
1746038175.3831453
1746038175.3851423
1746038175.3871198
1746038175.392109
1746038175.3935516
1746038175.3955219
1746038175.3974988
1746038175.399474
1746038175.400978
1746038175.4029846
1746038175.4099357
1746038175.4139147
1746038175.4159768
1746038175.4199266
1746038175.4239058
1746038175.4269295
1746038175.4319053
1746038175.435013
1746038175.4390755
1746038175.4420583
1746038175.4499638
1746038175.4550734
1746038175.4609783
1746038175.4654253
1746038175.4696836
1746038175.475075
1746038175.4801064
1746038175.4821098
1746038175.4840925
1746038175.4850693
1746038175.4895713
1746038175.4934523
1746038175.49542
1746038175.4983833
1746038175.4993644
1746038175.5028517
1746038175.504819
1746038175.507791
1746038175.5087938
1746038175.5137591
1746038175.5167186
1746038175.5207076
1746038175.5228415
1746038175.526805
1746038175.531754
1746038175.5356991
1746038175.539795
1746038175.5496838
1746038175.559627
1746038175.5656807
1746038175.5696313
1746038175.5745926
1746038175.579527
1746038175.5841243
1746038175.5900378
1746038175.5920393
1746038175.594014
1746038175.5949955
1746038175.6045575
1746038175.6101835
1746038175.612673
1746038175.614651
1746038175.6166244
1746038175.6195831
1746038175.6210887
1746038175.624066
1746038175.626041
1746038175.6280448
1746038175.633997
1746038175.6383152
1746038175.64081
1746038175.645813
1746038175.6498597
1746038175.6540606
1746038175.6573396
1746038175.661824
1746038175.6628404
1746038175.669815
1746038175.673796
1746038175.6787238
1746038175.6826952
1746038175.6876378
1746038175.6945853
1746038175.6985247
1746038175.7030618
1746038175.71535
1746038175.7269082
1746038175.7321558
1746038175.7351553
1746038175.73614
1746038175.7381437
1746038175.7391298
1746038175.7416275
1746038175.7465553
1746038175.7485447
1746038175.7510366
1746038175.7569556
1746038175.7616844
1746038175.7646613
1746038175.767617
1746038175.7696488
1746038175.7727132
1746038175.7756696
1746038175.7796166
1746038175.7826107
1746038175.7896202
1746038175.7936044
1746038175.7985322
1746038175.804349
1746038175.807311
1746038175.810811
1746038175.8127887
1746038175.8157697
1746038175.8167553
1746038175.8217692
1746038175.822763
1746038175.8281286
1746038175.8291178
1746038175.8339107
1746038175.8368642
1746038175.8408387
1746038175.8428206
1746038175.8448184
1746038175.8487883
1746038175.8527458
1746038175.8540807
1746038175.8570414
1746038175.861016
1746038175.8655066
1746038175.868566
1746038175.8754728
1746038175.8818984
1746038175.887229
1746038175.8927488
1746038175.8966854
1746038175.9017472
1746038175.9057355
1746038175.9095721
1746038175.9140759
1746038175.9150894
1746038175.9161558
1746038175.9171443
1746038175.9195
1746038175.9230413
1746038175.9252706
1746038175.9274287
1746038175.9295208
1746038175.9320188
1746038175.934191
1746038175.9362853
1746038175.9392548
1746038175.9417589
1746038175.9441557
1746038175.9475715
1746038175.9509218
1746038175.956488
1746038175.961043
1746038175.9649892
1746038175.96903
1746038175.9700694
1746038175.9720707
1746038175.9730785
1746038175.9754555
1746038175.9774826
1746038175.9798443
1746038175.9808476
1746038175.9852314
1746038175.9885013
1746038175.990981
1746038175.9943197
1746038175.997653
1746038176.001703
1746038176.004982
1746038176.0095007
1746038176.0120275
1746038176.0161061
1746038176.0193079
1746038176.020811
1746038176.0234315
1746038176.0267687
1746038176.0277512
1746038176.0297208
1746038176.0317357
1746038176.032914
1746038176.0350027
1746038176.037027
1746038176.0392141
1746038176.0427034
1746038176.044853
1746038176.0479548
1746038176.0508277
1746038176.0538287
1746038176.0577755
1746038176.063725
1746038176.0696332
1746038176.073587
1746038176.0765183
1746038176.0774956
1746038176.0784726
1746038176.079569
1746038176.0834408
1746038176.0878332
1746038176.0888157
1746038176.0932906
1746038176.0942698
1746038176.0992725
1746038176.102758
1746038176.104763
1746038176.1071239
1746038176.1096356
1746038176.1130784
1746038176.1175268
1746038176.1196253
1746038176.1230721
1746038176.1273155
1746038176.132874
1746038176.1371362
1746038176.14062
1746038176.1450179
1746038176.1484022
1746038176.1530762
1746038176.1540997
1746038176.1572342
1746038176.1592562
1746038176.1629531
1746038176.16655
1746038176.1678214
1746038176.1689105
1746038176.171894
1746038176.1748457
1746038176.178033
1746038176.180774
1746038176.1849673
1746038176.187663
1746038176.1920443
1746038176.1952832
1746038176.198758
1746038176.20294
1746038176.2085073
1746038176.211725
1746038176.215761
1746038176.2192838
1746038176.2271023
1746038176.2348301
1746038176.2388027
1746038176.24279
1746038176.245022
1746038176.246016
1746038176.2489707
1746038176.2519553
1746038176.2551355
1746038176.2585142
1746038176.2595026
1746038176.2651486
1746038176.2661285
1746038176.2705996
1746038176.272684
1746038176.2748828
1746038176.2778153
1746038176.2797694
1746038176.2849596
1746038176.2862391
1746038176.2886765
1746038176.2952967
1746038176.297303
1746038176.2996426
1746038176.3026505
1746038176.3056662
1746038176.31162
1746038176.3148818
1746038176.3188972
1746038176.3218844
1746038176.3289025
1746038176.3323116
1746038176.3362803
1746038176.3392477
1746038176.3417504
1746038176.3460343
1746038176.3492162
1746038176.3529048
1746038176.3578355
1746038176.3638194
1746038176.3647964
1746038176.3667507
1746038176.368705
1746038176.370686
1746038176.3726614
1746038176.3746407
1746038176.3767483
1746038176.3787026
1746038176.381678
1746038176.3889072
1746038176.3908658
1746038176.3940601
1746038176.398237
1746038176.4017162
1746038176.4057004
1746038176.4106805
1746038176.4146383
1746038176.4200335
1746038176.4260616
1746038176.4270473
1746038176.4310172
1746038176.4341865
1746038176.4381948
1746038176.4429314
1746038176.4458618
1746038176.448793
1746038176.454787
1746038176.456788
1746038176.4618661
1746038176.4630418
1746038176.465011
1746038176.4659882
1746038176.4709
1746038176.4718916
1746038176.4728842
1746038176.4750092
1746038176.4762232
1746038176.4830008
1746038176.4853883
1746038176.4884527
1746038176.4894488
1746038176.4909518
1746038176.4946177
1746038176.4979348
1746038176.499918
1746038176.504262
1746038176.5107334
1746038176.5148447
1746038176.5190568
1746038176.523542
1746038176.526795
1746038176.5317419
1746038176.5356815
1746038176.5405815
1746038176.5447757
1746038176.5457551
1746038176.5469313
1746038176.5490382
1746038176.5539954
1746038176.5593529
1746038176.563834
1746038176.5682566
1746038176.5717335
1746038176.5748968
1746038176.5788305
1746038176.5847971
1746038176.587787
1746038176.5919259
1746038176.6008227
1746038176.6086698
1746038176.614737
1746038176.6191676
1746038176.6216722
1746038176.6226518
1746038176.6293933
1746038176.6308966
1746038176.6318896
1746038176.6357338
1746038176.6367202
1746038176.6395223
1746038176.641026
1746038176.648959
1746038176.652227
1746038176.655187
1746038176.6591716
1746038176.6636522
1746038176.6685772
1746038176.6728778
1746038176.676023
1746038176.6807182
1746038176.6847694
1746038176.6937807
1746038176.6977255
1746038176.7029972
1746038176.7070026
1746038176.7110121
1746038176.7164633
1746038176.7209115
1746038176.7229567
1746038176.725953
1746038176.730907
1746038176.7328858
1746038176.7363224
1746038176.7392993
1746038176.7392993
1746038176.7418401
1746038176.7450604
1746038176.7473915
1746038176.7485805
1746038176.7515748
1746038176.7557604
1746038176.7590172
1746038176.7627695
1746038176.7657983
1746038176.7698178
1746038176.7738357
1746038176.7780218
1746038176.782031
1746038176.7919705
1746038176.801926
1746038176.8068888
1746038176.8118825
1746038176.8158624
1746038176.8208158
1746038176.826231
1746038176.8326855
1746038176.8336728
1746038176.8356876
1746038176.8366728
1746038176.84656
1746038176.8510206
1746038176.8541963
1746038176.8551857
1746038176.8572257
1746038176.860902
1746038176.8628879
1746038176.8661306
1746038176.8671186
1746038176.8692605
1746038176.8757114
1746038176.8786683
1746038176.8816552
1746038176.8880558
1746038176.891857
1746038176.8958712
1746038176.8998334
1746038176.9048653
1746038176.9068193
1746038176.9138718
1746038176.917852
1746038176.9241884
1746038176.928323
1746038176.932782
1746038176.9396791
1746038176.9436243
1746038176.947653
1746038176.9609296
1746038176.9727612
1746038176.978902
1746038176.9816658
1746038176.982688
1746038176.9846551
1746038176.9866893
1746038176.9896579
1746038176.9957848
1746038176.9977872
1746038177.0000982
1746038177.0068676
1746038177.0118694
1746038177.0148342
1746038177.0180082
1746038177.021791
1746038177.0247447
1746038177.0276766
1746038177.032607
1746038177.0355394
1746038177.0440955
1746038177.0490744
1746038177.054575
1746038177.057557
1746038177.0615401
1746038177.0668843
1746038177.0715983
1746038177.075739
1746038177.0869257
1746038177.092791
1746038177.1020567
1746038177.107106
1746038177.1128316
1746038177.11923
1746038177.123693
1746038177.129622
1746038177.132711
1746038177.1376226
1746038177.1386058
1746038177.1416028
1746038177.143613
1746038177.147621
1746038177.1495993
1746038177.1541324
1746038177.1563697
1746038177.1596725
1746038177.1616683
1746038177.1667085
1746038177.1697993
1746038177.171804
1746038177.1751382
1746038177.1773267
1746038177.1794424
1746038177.1829157
1746038177.186825
1746038177.189757
1746038177.1931596
1746038177.1996012
1746038177.207657
1746038177.2130015
1746038177.21935
1746038177.2238092
1746038177.2285688
1746038177.2328806
1746038177.237078
1746038177.241964
1746038177.2429526
1746038177.243995
1746038177.2459648
1746038177.249046
1746038177.250549
1746038177.2515464
1746038177.2545109
1746038177.2575142
1746038177.2609727
1746038177.2639632
1746038177.2671313
1746038177.2694602
1746038177.2729452
1746038177.2750363
1746038177.278099
1746038177.2806704
1746038177.2868395
1746038177.2917998
1746038177.2947395
1746038177.2984376
1746038177.2994533
1746038177.3019598
1746038177.3040516
1746038177.3061175
1746038177.3071687
1746038177.3086724
1746038177.310968
1746038177.3142476
1746038177.3173695
1746038177.3206496
1746038177.3226564
1746038177.3268795
1746038177.3298552
1746038177.332955
1746038177.337883
1746038177.34093
1746038177.3433373
1746038177.345441
1746038177.3476026
1746038177.3485887
1746038177.3529487
1746038177.3560023
1746038177.3574235
1746038177.3600667
1746038177.3615975
1746038177.3637655
1746038177.3658683
1746038177.3682005
1746038177.3708181
1746038177.3727913
1746038177.375095
1746038177.3784664
1746038177.3805368
1746038177.3847578
1746038177.3917584
1746038177.397678
1746038177.400717
1746038177.4040902
1746038177.405378
1746038177.4064658
1746038177.407443
1746038177.411509
1746038177.4158974
1746038177.4180117
1746038177.4219139
1746038177.4241436
1746038177.4289348
1746038177.4309762
1746038177.4332328
1746038177.435614
1746038177.4389102
1746038177.4416459
1746038177.4464781
1746038177.4494102
1746038177.4523194
1746038177.456313
1746038177.46196
1746038177.4659312
1746038177.469117
1746038177.4735968
1746038177.4775245
1746038177.4815023
1746038177.4824786
1746038177.4854398
1746038177.4884276
1746038177.4919033
1746038177.4938662
1746038177.4953246
1746038177.4987245
1746038177.5016685
1746038177.5031085
1746038177.5073202
1746038177.5108256
1746038177.514753
1746038177.5176842
1746038177.521642
1746038177.5250268
1746038177.528474
1746038177.5325625
1746038177.536938
1746038177.5399263
1746038177.5440714
1746038177.5483236
1746038177.5562484
1746038177.5628548
1746038177.5677722
1746038177.5727563
1746038177.575136
1746038177.5761273
1746038177.5783231
1746038177.5818012
1746038177.584947
1746038177.587286
1746038177.5882738
1746038177.5928824
1746038177.5942523
1746038177.5983615
1746038177.5993507
1746038177.6018553
1746038177.6040087
1746038177.6063142
1746038177.609796
1746038177.6129074
1746038177.614891
1746038177.6207926
1746038177.6237655
1746038177.6257343
1746038177.6287594
1746038177.6318872
1746038177.6370485
1746038177.639248
1746038177.6447556
1746038177.6477573
1746038177.655024
1746038177.6590142
1746038177.6624928
1746038177.6658883
1746038177.6689796
1746038177.6740823
1746038177.6770494
1746038177.6805627
1746038177.6856484
1746038177.6906
1746038177.6925778
1746038177.6945477
1746038177.6966302
1746038177.6987777
1746038177.7008011
1746038177.70306
1746038177.7051876
1746038177.7071939
1746038177.7106977
1746038177.718213
1746038177.7207067
1746038177.7229593
1746038177.7282155
1746038177.732459
1746038177.7369099
1746038177.7409132
1746038177.743992
1746038177.7491
1746038177.754826
1746038177.7572126
1746038177.7592673
1746038177.7628038
1746038177.7668548
1746038177.770907
1746038177.7748992
1746038177.7778425
1746038177.7828083
1746038177.784781
1746038177.7885191
1746038177.7895038
1746038177.7905066
1746038177.7931523
1746038177.7951155
1746038177.799595
1746038177.8005993
1746038177.8026347
1746038177.8040307
1746038177.810672
1746038177.8126519
1746038177.8146362
1746038177.8158941
1746038177.8190825
1746038177.8215752
1746038177.8247583
1746038177.82673
1746038177.8305552
1746038177.8366563
1746038177.8395982
1746038177.84394
1746038177.8489866
1746038177.8534796
1746038177.8574483
1746038177.86093
1746038177.8651018
1746038177.8690526
1746038177.8705559
1746038177.8718436
1746038177.8731048
1746038177.8775055
1746038177.8841894
1746038177.887438
1746038177.8919053
1746038177.8949726
1746038177.899105
1746038177.903832
1746038177.91003
1746038177.9125142
1746038177.9170465
1746038177.9245365
1746038177.9305751
1746038177.9369957
1746038177.9414992
1746038177.9435189
1746038177.9445014
1746038177.9497297
1746038177.9517255
1746038177.9528093
1746038177.9558895
1746038177.958894
1746038177.95993
1746038177.9619248
1746038177.9689949
1746038177.9726949
1746038177.9756603
1746038177.9786088
1746038177.9836342
1746038177.9870522
1746038177.9918346
1746038177.9952266
1746038177.9991734
1746038178.0028427
1746038178.0117764
1746038178.015723
1746038178.020882
1746038178.02537
1746038178.0298426
1746038178.0340369
1746038178.0387766
1746038178.0407712
1746038178.0419986
1746038178.0441608
1746038178.045144
1746038178.0521324
1746038178.054105
1746038178.0563464
1746038178.058475
1746038178.0604603
1746038178.0638068
1746038178.0638068
1746038178.067129
1746038178.069083
1746038178.0745463
1746038178.077531
1746038178.0824435
1746038178.0848634
1746038178.0878754
1746038178.0936024
1746038178.097794
1746038178.1018128
1746038178.111702
1746038178.1225958
1746038178.127513
1746038178.1317835
1746038178.137035
1746038178.142005
1746038178.146959
1746038178.1506946
1746038178.1516912
1746038178.1538641
1746038178.1570137
1746038178.1637833
1746038178.1688478
1746038178.1714776
1746038178.173595
1746038178.1755679
1746038178.178523
1746038178.1807644
1746038178.1828384
1746038178.1848946
1746038178.1868646
1746038178.1948252
1746038178.1980069
1746038178.2015274
1746038178.207316
1746038178.2108183
1746038178.217156
1746038178.2206628
1746038178.2218704
1746038178.228826
1746038178.2318416
1746038178.2372758
1746038178.2407534
1746038178.2459059
1746038178.2528396
1746038178.2558086
1746038178.2616339
1746038178.2735012
1746038178.2856278
1746038178.2905684
1746038178.2936127
1746038178.2950013
1746038178.2963345
1746038178.2986743
1746038178.3007004
1746038178.3062284
1746038178.3072128
1746038178.3097157
1746038178.3168151
1746038178.3214614
1746038178.3234487
1746038178.327378
1746038178.3283734
1746038178.3318439
1746038178.333916
1746038178.338542
1746038178.3405309
1746038178.347953
1746038178.3514357
1746038178.3566706
1746038178.3599613
1746038178.3645165
1746038178.3697217
1746038178.3737237
1746038178.3780422
1746038178.3894262
1746038178.3943684
1746038178.4041908
1746038178.4090078
1746038178.41349
1746038178.4205928
1746038178.425539
1746038178.4327528
1746038178.438993
1746038178.4454646
1746038178.4504392
1746038178.4517047
1746038178.4546726
1746038178.4576337
1746038178.462596
1746038178.4655702
1746038178.4696553
1746038178.4716532
1746038178.4737368
1746038178.4757884
1746038178.4797428
1746038178.4807477
1746038178.484711
1746038178.48701
1746038178.4904835
1746038178.4927247
1746038178.4966826
1746038178.4996426
1746038178.501648
1746038178.5046034
1746038178.507562
1746038178.5090663
1746038178.5126362
1746038178.5165963
1746038178.5196996
1746038178.5236843
1746038178.5296052
1746038178.5379224
1746038178.5429778
1746038178.5498524
1746038178.5529764
1746038178.5584438
1746038178.5625432
1746038178.5671847
1746038178.571693
1746038178.5726905
1746038178.573678
1746038178.5756328
1746038178.5797997
1746038178.5808032
1746038178.582774
1746038178.5861354
1746038178.5892706
1746038178.590774
1746038178.593157
1746038178.5951288
1746038178.5981085
1746038178.600593
1746038178.6035829
1746038178.6055565
1746038178.60888
1746038178.6128666
1746038178.6170905
1746038178.621824
1746038178.6259265
1746038178.6279178
1746038178.628921
1746038178.6304262
1746038178.63241
1746038178.634393
1746038178.6363852
1746038178.63855
1746038178.6415749
1746038178.6450973
1746038178.647262
1746038178.6507432
1746038178.6537828
1746038178.656033
1746038178.659359
1746038178.665132
1746038178.6682365
1746038178.6707335
1746038178.6727397
1746038178.6747603
1746038178.675751
1746038178.6797438
1746038178.6807475
1746038178.6827283
1746038178.6847665
1746038178.6868007
1746038178.6887805
1746038178.6897602
1746038178.6927552
1746038178.694727
1746038178.6968596
1746038178.6998243
1746038178.702815
1746038178.7050946
1746038178.70972
1746038178.715669
1746038178.7215676
1746038178.7245345
1746038178.72754
1746038178.728528
1746038178.7305274
1746038178.7315218
1746038178.7354734
1746038178.741426
1746038178.743398
1746038178.7463615
1746038178.7483988
1746038178.7533607
1746038178.7563317
1746038178.7582977
1746038178.7608526
1746038178.7638495
1746038178.765819
1746038178.7697875
1746038178.772807
1746038178.775774
1746038178.7803912
1746038178.7854815
1746038178.789821
1746038178.7937994
1746038178.7967598
1746038178.8016148
1746038178.8055978
1746038178.8066154
1746038178.8096042
1746038178.813586
1746038178.8165398
1746038178.8196378
1746038178.820642
1746038178.822622
1746038178.8246045
1746038178.8275747
1746038178.830563
1746038178.832543
1746038178.8355017
1746038178.8384776
1746038178.8424613
1746038178.8454154
1746038178.849562
1746038178.853549
1746038178.8574944
1746038178.8614573
1746038178.8653998
1746038178.869358
1746038178.8768172
1746038178.8847468
1746038178.8896887
1746038178.8936646
1746038178.895642
1746038178.8966374
1746038178.8996348
1746038178.9036844
1746038178.9066577
1746038178.909647
1746038178.9116461
1746038178.9156508
1746038178.916635
1746038178.9216528
1746038178.923718
1746038178.9247022
1746038178.9269238
1746038178.9289536
1746038178.9334295
1746038178.9355505
1746038178.9375997
1746038178.9436922
1746038178.9466763
1746038178.9486454
1746038178.951675
1746038178.9556437
1746038178.9596589
1746038178.9626513
1746038178.966731
1746038178.970862
1746038178.9771135
1746038178.980416
1746038178.985434
1746038178.9884021
1746038178.991388
1746038178.9956775
1746038178.9986334
1746038179.0016332
1746038179.007243
1746038179.0132089
1746038179.0144348
1746038179.0165944
1746038179.0185826
1746038179.021571
1746038179.0235317
1746038179.0258496
1746038179.0268636
1746038179.0298254
1746038179.032809
1746038179.0389307
1746038179.0414333
1746038179.0438707
1746038179.0488234
1746038179.0518095
1746038179.0560777
1746038179.0605423
1746038179.0645804
1746038179.0686948
1746038179.0741634
1746038179.075167
1746038179.0794373
1746038179.0833921
1746038179.0873005
1746038179.0918155
1746038179.0950453
1746038179.0975273
1746038179.1025403
1746038179.1047282
1746038179.1086946
1746038179.1096969
1746038179.1107001
1746038179.1126738
1746038179.1167996
1746038179.119237
1746038179.1207414
1746038179.122777
1746038179.12421
1746038179.130847
1746038179.132841
1746038179.13623
1746038179.1375356
1746038179.140679
1746038179.143734
1746038179.1460457
1746038179.1490142
1746038179.1526597
1746038179.1588833
1746038179.1624308
1746038179.1664846
1746038179.1714718
1746038179.1755514
1746038179.1796727
1746038179.1838765
1746038179.1878307
1746038179.1906161
1746038179.1919887
1746038179.1940076
1746038179.1959887
1746038179.2006583
1746038179.2072575
1746038179.2103753
1746038179.2154324
1746038179.2184384
1746038179.22244
1746038179.2256043
1746038179.2306123
1746038179.2349722
1746038179.2391145
1746038179.2479613
1746038179.256335
1746038179.2628372
1746038179.268042
1746038179.2718515
1746038179.272846
1746038179.2787085
1746038179.2806892
1746038179.2816775
1746038179.2847147
1746038179.2870996
1746038179.2881205
1746038179.2906182
1746038179.2971706
1746038179.3006585
1746038179.3042355
1746038179.307307
1746038179.3129716
1746038179.3160017
1746038179.3204865
1746038179.3234844
1746038179.3274462
1746038179.3314414
1746038179.339712
1746038179.3430326
1746038179.3479936
1746038179.3518867
1746038179.3550522
1746038179.3589964
1746038179.3635166
1746038179.3655984
1746038179.366588
1746038179.3687882
1746038179.3733406
1746038179.3774912
1746038179.3794863
1746038179.381484
1746038179.3834846
1746038179.3865104
1746038179.3875966
1746038179.3898158
1746038179.3929024
1746038179.3972347
1746038179.4007106
1746038179.403157
1746038179.406231
1746038179.4097307
1746038179.413995
1746038179.4169874
1746038179.4204898
1746038179.4305427
1746038179.4394433
1746038179.4435754
1746038179.448823
1746038179.4529936
1746038179.458173
1746038179.462703
1746038179.467629
1746038179.4689965
1746038179.4715157
1746038179.4725068
1746038179.4817216
1746038179.4856844
1746038179.4887857
1746038179.4907908
1746038179.491796
1746038179.4940343
1746038179.4960501
1746038179.4990559
1746038179.5005584
1746038179.5035193
1746038179.50968
1746038179.5127668
1746038179.5147583
1746038179.5207188
1746038179.522714
1746038179.5277357
1746038179.5317316
1746038179.5350757
1746038179.537053
1746038179.5458794
1746038179.5490916
1746038179.555067
1746038179.5606208
1746038179.5676377
1746038179.5741396
1746038179.577222
1746038179.5817244
1746038179.59266
1746038179.6043043
1746038179.6116123
1746038179.6146166
1746038179.6165893
1746038179.6165893
1746038179.619238
1746038179.6207428
1746038179.6258967
1746038179.6279032
1746038179.6288807
1746038179.6368127
1746038179.640747
1746038179.6430461
1746038179.6451561
1746038179.6471496
1746038179.6491282
1746038179.6516254
1746038179.656622
1746038179.658639
1746038179.6643374
1746038179.6684191
1746038179.6727338
1746038179.676034
1746038179.680647
1746038179.6865764
1746038179.6895337
1746038179.6935186
1746038179.704407
1746038179.7094924
1746038179.7176316
1746038179.7225904
1746038179.7255883
1746038179.7315822
1746038179.7368817
1746038179.742372
1746038179.7474048
1746038179.7533705
1746038179.7543597
1746038179.7582858
1746038179.7595613
1746038179.7615585
1746038179.766567
1746038179.769583
1746038179.7738075
1746038179.7770834
1746038179.779118
1746038179.7845852
1746038179.793496
1746038179.7954712
1746038179.8006256
1746038179.8065941
1746038179.8105946
1746038179.8155577
1746038179.8205645
1746038179.8255022
1746038179.830432
1746038179.8344302
1746038179.839626
1746038179.8436007
1746038179.845563
1746038179.8528059
1746038179.857743
1746038179.863781
1746038179.8687248
1746038179.8727016
1746038179.878681
1746038179.8846295
1746038179.8888636
1746038179.8954813
1746038179.9117458
1746038179.9223247
1746038179.941374
1746038179.9493296
1746038179.951328
1746038179.9536412
1746038179.9549937
1746038179.957963
1746038179.9615161
1746038179.964519
1746038179.9694557
1746038179.9724517
1746038179.9833746
1746038179.9863372
1746038179.9913
1746038179.9952588
1746038179.9992018
1746038180.0046651
1746038180.0096476
1746038180.015685
1746038180.020643
1746038180.0265691
1746038180.0384905
1746038180.0394778
1746038180.0444376
1746038180.0504434
1746038180.0554075
1746038180.0614934
1746038180.0674124
1746038180.0723393
1746038180.0768309
1746038180.0863132
1746038180.0917714
1746038180.098688
1746038180.1046379
1746038180.11192
1746038180.120337
1746038180.1282377
1746038180.1292582
1746038180.138876
1746038180.147319
1746038180.1483014
1746038180.1502948
1746038180.1524534
1746038180.153437
1746038180.157652
1746038180.160641
1746038180.1661215
1746038180.1690898
1746038180.1715977
1746038180.1725814
1746038180.1757994
1746038180.1777694
1746038180.1807535
1746038180.1837196
1746038180.1876664
1746038180.1906483
1746038180.1946037
1746038180.1966105
1746038180.2005777
1746038180.203596
1746038180.2055633
1746038180.207537
1746038180.210543
1746038180.212529
1746038180.2154894
1746038180.2205064
1746038180.2224889
1746038180.2265055
1746038180.2324433
1746038180.2389278
1746038180.244439
1746038180.2503896
1746038180.2548163
1746038180.2603762
1746038180.2643578
1746038180.2694974
1746038180.273469
1746038180.2747083
1746038180.2766798
1746038180.277669
1746038180.2807178
1746038180.282721
1746038180.2847059
1746038180.2879784
1746038180.2889676
1746038180.2924595
1746038180.294449
1746038180.2964258
1746038180.300382
1746038180.3035543
1746038180.3065403
1746038180.3095262
1746038180.3125174
1746038180.316482
1746038180.3224409
1746038180.3260474
1746038180.3314922
1746038180.3327522
1746038180.3347297
1746038180.3366835
1746038180.3389637
1746038180.3404684
1746038180.342481
1746038180.3444686
1746038180.3484318
1746038180.3505619
1746038180.3535562
1746038180.3564875
1746038180.3604214
1746038180.3623927
1746038180.3653247
1746038180.3692334
1746038180.3727071
1746038180.3756385
1746038180.37857
1746038180.379547
1746038180.3805497
1746038180.385456
1746038180.3864331
1746038180.3884017
1746038180.389386
1746038180.3914063
1746038180.3933806
1746038180.395407
1746038180.3973706
1746038180.4003594
1746038180.4027963
1746038180.4057465
1746038180.4087305
1746038180.4117236
1746038180.4156828
1746038180.4216444
1746038180.4276807
1746038180.4314153
1746038180.433822
1746038180.4357898
1746038180.436778
1746038180.4377618
1746038180.4417677
1746038180.4457233
1746038180.4477463
1746038180.4507215
1746038180.4527266
1746038180.457887
1746038180.460388
1746038180.4633605
1746038180.4653413
1746038180.467311
1746038180.4706848
1746038180.4746797
1746038180.4776456
1746038180.4807084
1746038180.4858756
1746038180.4913564
1746038180.495745
1746038180.4986997
1746038180.5026689
1746038180.506628
1746038180.5119796
1746038180.5136013
1746038180.5170953
1746038180.51905
1746038180.5235083
1746038180.5283933
1746038180.5313718
1746038180.5323489
1746038180.5353553
